pcirouting: BIOS workaround: PCI.0.1.3 at pin 1 link 96 irq 10 -> 9
 
TaijiOS PXE boot loader              

cpu0:  4298MHz AuthenticAMD AMD-K8 (cpuid: AX 0x60FB1 DX 0x78BFBFD)
ELCR: 0C00
intrenable: nil handler for 11, tbdf 0XC001800 for ether0
#l0: virtio: 1Gbps port 0xC000 irq 11: 525400123458
497M memory: 497M kernel data, 0M user, 18M swap
pxe on ether0 .
(10.0.2.2!69): /cfg/pxe/525400123458 .T... read 245 bytes
(10.0.2.2!69): /386/9pc .. 1127029+1075728+441552=2644309
entry: 0xf0100020

Plan 9
E820: 00000000 0009fc00 memory
E820: 0009fc00 000a0000 reserved
E820: 000f0000 00100000 reserved
E820: 00100000 3ffe0000 memory
E820: 3ffe0000 40000000 reserved
E820: fffc0000 100000000 reserved
E820: fd00000000 10000000000 reserved
cpu0:  4296MHz AuthenticAMD AMD-K8 (cpuid: AX 0x60FB1 DX 0x78BFBFD)
ELCR: 0C00
intrenable: nil handler for 11, tbdf 0xC001800 for ether0
#l0: virtio: 1Gbps port 0xC000 irq 11: 525400123458
1024M memory: 256M kernel data, 767M user, 1392M swap
lapicnmienable: no lapic
version...time...

init: starting /bin/rc
q9: checking kryon
ar vu /386/lib/libkryon.a src/backend/kry_backend.8 src/backend/kry_event_wait.8 src/backend/kry_image_decode.8 src/backend/kry_input.8 src/backend/kry_instance.8 src/backend/kry_screenshot.8 src/backend/kry_surface_math.8 src/backend/kry_sw.8 src/backend/kry_sw_png.8 src/backend/libdraw_audio.8 src/backend/libdraw_backend.8 src/backend/libdraw_font.8 src/core/app_host.8 src/core/app_runtime.8 src/core/app_shell.8 src/core/device_preferences.8 src/core/embedded_assets.8 src/core/kryon_abi.8 src/core/kryon_frame.8 src/core/kryon_mem.8 src/core/kryon_node.8 src/core/locale.8 src/core/theme.8 src/core/theme_meta.8 src/kry_std/audio_library.8 src/ui/bottom_nav.8 src/ui/button.8 src/ui/dropdown.8 src/ui/guide.8 src/ui/icon_controls.8 src/ui/modal.8 src/ui/profile_header.8 src/ui/reorder.8 src/ui/rows.8 src/ui/scroll.8 src/ui/tab_bar.8 src/ui/theme_picker.8 src/ui/toast.8 src/ui/toolbar.8 src/ui/top_nav.8 src/ui/tutorial.8 src/ui/ui.8 src/ui/ui_clip.8 src/ui/ui_clipboard.8 src/ui/ui_color.8 src/ui/ui_dpi.8 src/ui/ui_icon_assets.8 src/ui/ui_icon_names.8 src/ui/ui_icons.8 src/ui/ui_inspect.8 src/ui/ui_layout.8 src/ui/ui_node_registry.8 src/ui/ui_picture_cache.8 src/ui/ui_scaling.8 src/ui/ui_slider.8 src/ui/ui_style.8 src/ui/ui_text.8 src/ui/ui_text_backend.8 src/ui/ui_text_edit.8 src/ui/ui_text_layout.8 src/ui/ui_titlebar.8 src/ui/ui_tk.8 src/ui/ui_transition.8 src/ui/ui_tree.8 src/ui/ui_window.8 src/kry_std/kry_archive.8 src/kry_std/kry_filesystem.8 src/kry_std/kry_json.8 src/kry_std/kry_sha256.8 src/markdown.8 src/platform/kry_activity_monitor.8 src/platform/plan9/plan9_notification.8 src/platform/plan9/plan9_os.8 src/platform/plan9/plan9_runtime_stubs.8 src/platform/plan9/plan9_ui_globals.8 src/platform/system_theme/system_theme.8
q9: checking rio
8l  -o 8.out main.8 text.8 wind.8 wctl.8 fs.8 util.8 kbd.8 time.8 data.8 menuhit.8 deskmenu.8 panel.8 dialog.8 deskicon.8 splash.8 theme.8 kryon.8 /386/lib/libkryon.a /386/lib/libstdio.a
cp 8.out /386/bin/rio
q9: checking q9themes
mk: 'install' is up to date
q9: checking explorer
mk: 'explorer.install' is up to date
q9: checking inbe
cpp build/plan9/generated/kryon_project.c
8c build/plan9/generated/kryon_project.c
warning: /sys/src/inbe/src/app/text_utils.h:23[/tmp/inbe-plan9-build.119/build_plan9_generated_kryon_project.i:63375] set and not used: cut
warning: /sys/src/inbe/src/app/text_utils.h:58[/tmp/inbe-plan9-build.119/build_plan9_generated_kryon_project.i:63410] set and not used: truncated
warning: /sys/src/inbe/build/plan9/generated/kryon_project.c:16[/tmp/inbe-plan9-build.119/build_plan9_generated_kryon_project.i:114043] result of operation not used
warning: /sys/src/inbe/build/plan9/generated/kryon_project.c:25[/tmp/inbe-plan9-build.119/build_plan9_generated_kryon_project.i:114052] result of operation not used
warning: /sys/src/inbe/build/plan9/generated/kryon_project.c:34[/tmp/inbe-plan9-build.119/build_plan9_generated_kryon_project.i:114061] result of operation not used
warning: /sys/src/inbe/build/plan9/generated/kryon_project.c:43[/tmp/inbe-plan9-build.119/build_plan9_generated_kryon_project.i:114070] result of operation not used
warning: /sys/src/inbe/build/plan9/generated/kryon_project.c:52[/tmp/inbe-plan9-build.119/build_plan9_generated_kryon_project.i:114079] result of operation not used
warning: /sys/src/inbe/build/plan9/generated/kryon_project.c:61[/tmp/inbe-plan9-build.119/build_plan9_generated_kryon_project.i:114088] result of operation not used
warning: /sys/src/inbe/build/plan9/generated/kryon_project.c:70[/tmp/inbe-plan9-build.119/build_plan9_generated_kryon_project.i:114097] result of operation not used
warning: /sys/src/inbe/build/plan9/generated/kryon_project.c:79[/tmp/inbe-plan9-build.119/build_plan9_generated_kryon_project.i:114106] result of operation not used
warning: /sys/src/inbe/build/plan9/generated/kryon_project.c:88[/tmp/inbe-plan9-build.119/build_plan9_generated_kryon_project.i:114115] result of operation not used
warning: /sys/src/inbe/build/plan9/generated/kryon_project.c:97[/tmp/inbe-plan9-build.119/build_plan9_generated_kryon_project.i:114124] result of operation not used
warning: /sys/src/inbe/build/plan9/generated/kryon_project.c:106[/tmp/inbe-plan9-build.119/build_plan9_generated_kryon_project.i:114133] result of operation not used
warning: /sys/src/inbe/build/plan9/generated/kryon_project.c:115[/tmp/inbe-plan9-build.119/build_plan9_generated_kryon_project.i:114142] result of operation not used
warning: /sys/src/inbe/build/plan9/generated/kryon_project.c:124[/tmp/inbe-plan9-build.119/build_plan9_generated_kryon_project.i:114151] result of operation not used
warning: /sys/src/inbe/build/plan9/generated/kryon_project.c:133[/tmp/inbe-plan9-build.119/build_plan9_generated_kryon_project.i:114160] result of operation not used
warning: /sys/src/inbe/build/plan9/generated/kryon_project.c:142[/tmp/inbe-plan9-build.119/build_plan9_generated_kryon_project.i:114169] result of operation not used
warning: /sys/src/inbe/build/plan9/generated/kryon_project.c:180[/tmp/inbe-plan9-build.119/build_plan9_generated_kryon_project.i:114207] set and not used: app
cpp build/plan9/generated/src/app/app_nav.c
8c build/plan9/generated/src/app/app_nav.c
warning: /sys/src/inbe/src/app/text_utils.h:23[/tmp/inbe-plan9-build.119/build_plan9_generated_src_app_app_nav.i:63071] set and not used: cut
warning: /sys/src/inbe/src/app/text_utils.h:58[/tmp/inbe-plan9-build.119/build_plan9_generated_src_app_app_nav.i:63106] set and not used: truncated
warning: /sys/src/inbe/build/plan9/generated/src/app/app_nav.c:55[/tmp/inbe-plan9-build.119/build_plan9_generated_src_app_app_nav.i:77551] set and not used: sidebar_w
warning: /sys/src/inbe/build/plan9/generated/src/app/app_nav.c:246[/tmp/inbe-plan9-build.119/build_plan9_generated_src_app_app_nav.i:77742] set and not used: selected_route
warning: /sys/src/inbe/build/plan9/generated/src/app/app_nav.c:320[/tmp/inbe-plan9-build.119/build_plan9_generated_src_app_app_nav.i:77816] set and not used: return_to_sidebar
warning: /sys/src/inbe/build/plan9/generated/src/app/app_nav.c:353[/tmp/inbe-plan9-build.119/build_plan9_generated_src_app_app_nav.i:77849] set and not used: return_to_sidebar
warning: /sys/src/inbe/build/plan9/generated/src/app/app_nav.c:442[/tmp/inbe-plan9-build.119/build_plan9_generated_src_app_app_nav.i:77938] set and not used: bottom_reserved
warning: /sys/src/inbe/build/plan9/generated/src/app/app_nav.c:536[/tmp/inbe-plan9-build.119/build_plan9_generated_src_app_app_nav.i:78032] set and not used: return_to_sidebar
warning: /sys/src/inbe/build/plan9/generated/src/app/app_nav.c:611[/tmp/inbe-plan9-build.119/build_plan9_generated_src_app_app_nav.i:78107] set and not used: alias
warning: /sys/src/inbe/build/plan9/generated/src/app/app_nav.c:694[/tmp/inbe-plan9-build.119/build_plan9_generated_src_app_app_nav.i:78190] set and not used: return_to_sidebar
warning: /sys/src/inbe/build/plan9/generated/src/app/app_nav.c:722[/tmp/inbe-plan9-build.119/build_plan9_generated_src_app_app_nav.i:78218] set and not used: sidebar_w
warning: /sys/src/inbe/build/plan9/generated/src/app/app_nav.c:723[/tmp/inbe-plan9-build.119/build_plan9_generated_src_app_app_nav.i:78219] set and not used: sidebar_x
warning: /sys/src/inbe/build/plan9/generated/src/app/app_nav.c:724[/tmp/inbe-plan9-build.119/build_plan9_generated_src_app_app_nav.i:78220] set and not used: pad
warning: /sys/src/inbe/build/plan9/generated/src/app/app_nav.c:725[/tmp/inbe-plan9-build.119/build_plan9_generated_src_app_app_nav.i:78221] set and not used: footer_h
warning: /sys/src/inbe/build/plan9/generated/src/app/app_nav.c:726[/tmp/inbe-plan9-build.119/build_plan9_generated_src_app_app_nav.i:78222] set and not used: footer_gap
warning: /sys/src/inbe/build/plan9/generated/src/app/app_nav.c:727[/tmp/inbe-plan9-build.119/build_plan9_generated_src_app_app_nav.i:78223] set and not used: close_h
warning: /sys/src/inbe/build/plan9/generated/src/app/app_nav.c:728[/tmp/inbe-plan9-build.119/build_plan9_generated_src_app_app_nav.i:78224] set and not used: close_y
warning: /sys/src/inbe/build/plan9/generated/src/app/app_nav.c:730[/tmp/inbe-plan9-build.119/build_plan9_generated_src_app_app_nav.i:78226] set and not used: header_h
warning: /sys/src/inbe/build/plan9/generated/src/app/app_nav.c:731[/tmp/inbe-plan9-build.119/build_plan9_generated_src_app_app_nav.i:78227] set and not used: scroll_y
warning: /sys/src/inbe/build/plan9/generated/src/app/app_nav.c:732[/tmp/inbe-plan9-build.119/build_plan9_generated_src_app_app_nav.i:78228] set and not used: scroll_h
warning: /sys/src/inbe/build/plan9/generated/src/app/app_nav.c:740[/tmp/inbe-plan9-build.119/build_plan9_generated_src_app_app_nav.i:78236] set and not used: has_account
warning: /sys/src/inbe/build/plan9/generated/src/app/app_nav.c:935[/tmp/inbe-plan9-build.119/build_plan9_generated_src_app_app_nav.i:78431] set and not used: y
warning: /sys/src/inbe/build/plan9/generated/src/app/app_nav.c:940[/tmp/inbe-plan9-build.119/build_plan9_generated_src_app_app_nav.i:78436] set and not used: draw_count
warning: /sys/src/inbe/build/plan9/generated/src/app/app_nav.c:1094[/tmp/inbe-plan9-build.119/build_plan9_generated_src_app_app_nav.i:78590] set and not used: y
cpp build/plan9/generated/src/app/app_notifications.c
8c build/plan9/generated/src/app/app_notifications.c
warning: /sys/src/inbe/src/app/text_utils.h:23[/tmp/inbe-plan9-build.119/build_plan9_generated_src_app_app_notifications.i:63360] set and not used: cut
warning: /sys/src/inbe/src/app/text_utils.h:58[/tmp/inbe-plan9-build.119/build_plan9_generated_src_app_app_notifications.i:63395] set and not used: truncated
warning: /sys/src/inbe/build/plan9/generated/src/app/app_notifications.c:85[/tmp/inbe-plan9-build.119/build_plan9_generated_src_app_app_notifications.i:77402] set and not used: tm
warning: /sys/src/inbe/build/plan9/generated/src/app/app_notifications.c:86[/tmp/inbe-plan9-build.119/build_plan9_generated_src_app_app_notifications.i:77403] set and not used: day
warning: /sys/src/inbe/build/plan9/generated/src/app/app_notifications.c:87[/tmp/inbe-plan9-build.119/build_plan9_generated_src_app_app_notifications.i:77404] set and not used: hour
warning: /sys/src/inbe/build/plan9/generated/src/app/app_notifications.c:152[/tmp/inbe-plan9-build.119/build_plan9_generated_src_app_app_notifications.i:77469] set and not used: count
cpp build/plan9/generated/src/app/app_settings.c
8c build/plan9/generated/src/app/app_settings.c
warning: /sys/src/inbe/build/plan9/generated/src/app/app_settings.c:44[/tmp/inbe-plan9-build.119/build_plan9_generated_src_app_app_settings.i:62186] set and not used: grown
warning: /sys/src/inbe/build/plan9/generated/src/app/app_settings.c:111[/tmp/inbe-plan9-build.119/build_plan9_generated_src_app_app_settings.i:62253] set and not used: default_nav
warning: /sys/src/inbe/build/plan9/generated/src/app/app_settings.c:724[/tmp/inbe-plan9-build.119/build_plan9_generated_src_app_app_settings.i:62866] set and not used: settings_missing
warning: /sys/src/inbe/build/plan9/generated/src/app/app_settings.c:725[/tmp/inbe-plan9-build.119/build_plan9_generated_src_app_app_settings.i:62867] set and not used: speed
warning: /sys/src/inbe/build/plan9/generated/src/app/app_settings.c:726[/tmp/inbe-plan9-build.119/build_plan9_generated_src_app_app_settings.i:62868] set and not used: max_rounds
warning: /sys/src/inbe/build/plan9/generated/src/app/app_settings.c:727[/tmp/inbe-plan9-build.119/build_plan9_generated_src_app_app_settings.i:62869] set and not used: max_breaths
warning: /sys/src/inbe/build/plan9/generated/src/app/app_settings.c:728[/tmp/inbe-plan9-build.119/build_plan9_generated_src_app_app_settings.i:62870] set and not used: pause_seconds
warning: /sys/src/inbe/build/plan9/generated/src/app/app_settings.c:729[/tmp/inbe-plan9-build.119/build_plan9_generated_src_app_app_settings.i:62871] set and not used: manual_seen_mask
warning: /sys/src/inbe/build/plan9/generated/src/app/app_settings.c:730[/tmp/inbe-plan9-build.119/build_plan9_generated_src_app_app_settings.i:62872] set and not used: music_max
cpp build/plan9/generated/src/app/app_sync.c
8c build/plan9/generated/src/app/app_sync.c
warning: /sys/src/inbe/src/app/text_utils.h:23[/tmp/inbe-plan9-build.119/build_plan9_generated_src_app_app_sync.i:64199] set and not used: cut
warning: /sys/src/inbe/src/app/text_utils.h:58[/tmp/inbe-plan9-build.119/build_plan9_generated_src_app_app_sync.i:64234] set and not used: truncated
warning: /sys/src/inbe/build/plan9/generated/src/app/app_sync.c:104[/tmp/inbe-plan9-build.119/build_plan9_generated_src_app_app_sync.i:78391] set and not used: index
warning: /sys/src/inbe/build/plan9/generated/src/app/app_sync.c:131[/tmp/inbe-plan9-build.119/build_plan9_generated_src_app_app_sync.i:78418] set and not used: index
warning: /sys/src/inbe/build/plan9/generated/src/app/app_sync.c:162[/tmp/inbe-plan9-build.119/build_plan9_generated_src_app_app_sync.i:78449] set and not used: index
warning: /sys/src/inbe/build/plan9/generated/src/app/app_sync.c:187[/tmp/inbe-plan9-build.119/build_plan9_generated_src_app_app_sync.i:78474] set and not used: result
warning: /sys/src/inbe/build/plan9/generated/src/app/app_sync.c:188[/tmp/inbe-plan9-build.119/build_plan9_generated_src_app_app_sync.i:78475] set and not used: friends_result
warning: /sys/src/inbe/build/plan9/generated/src/app/app_sync.c:189[/tmp/inbe-plan9-build.119/build_plan9_generated_src_app_app_sync.i:78476] set and not used: leaderboard_result
warning: /sys/src/inbe/build/plan9/generated/src/app/app_sync.c:370[/tmp/inbe-plan9-build.119/build_plan9_generated_src_app_app_sync.i:78657] set and not used: leaderboard_avg_result
warning: /sys/src/inbe/build/plan9/generated/src/app/app_sync.c:472[/tmp/inbe-plan9-build.119/build_plan9_generated_src_app_app_sync.i:78759] unreachable code RETURN
warning: /sys/src/inbe/build/plan9/generated/src/app/app_sync.c:440[/tmp/inbe-plan9-build.119/build_plan9_generated_src_app_app_sync.i:78727] set and not used: result
warning: /sys/src/inbe/build/plan9/generated/src/app/app_sync.c:480[/tmp/inbe-plan9-build.119/build_plan9_generated_src_app_app_sync.i:78767] set and not used: finished
warning: /sys/src/inbe/build/plan9/generated/src/app/app_sync.c:481[/tmp/inbe-plan9-build.119/build_plan9_generated_src_app_app_sync.i:78768] set and not used: result
warning: /sys/src/inbe/build/plan9/generated/src/app/app_sync.c:482[/tmp/inbe-plan9-build.119/build_plan9_generated_src_app_app_sync.i:78769] set and not used: changed
warning: /sys/src/inbe/build/plan9/generated/src/app/app_sync.c:532[/tmp/inbe-plan9-build.119/build_plan9_generated_src_app_app_sync.i:78819] set and not used: args
warning: /sys/src/inbe/build/plan9/generated/src/app/app_sync.c:724[/tmp/inbe-plan9-build.119/build_plan9_generated_src_app_app_sync.i:79011] set and not used: saved_url
warning: /sys/src/inbe/build/plan9/generated/src/app/app_sync.c:754[/tmp/inbe-plan9-build.119/build_plan9_generated_src_app_app_sync.i:79041] set and not used: args
warning: /sys/src/inbe/build/plan9/generated/src/app/app_sync.c:898[/tmp/inbe-plan9-build.119/build_plan9_generated_src_app_app_sync.i:79185] set and not used: finished
warning: /sys/src/inbe/build/plan9/generated/src/app/app_sync.c:899[/tmp/inbe-plan9-build.119/build_plan9_generated_src_app_app_sync.i:79186] set and not used: result
warning: /sys/src/inbe/build/plan9/generated/src/app/app_sync.c:980[/tmp/inbe-plan9-build.119/build_plan9_generated_src_app_app_sync.i:79267] set and not used: loading
warning: /sys/src/inbe/build/plan9/generated/src/app/app_sync.c:998[/tmp/inbe-plan9-build.119/build_plan9_generated_src_app_app_sync.i:79285] set and not used: loading
warning: /sys/src/inbe/build/plan9/generated/src/app/app_sync.c:1089[/tmp/inbe-plan9-build.119/build_plan9_generated_src_app_app_sync.i:79376] set and not used: args
cpp build/plan9/generated/src/app/customize_nav.c
8c build/plan9/generated/src/app/customize_nav.c
cpp build/plan9/generated/src/app/device_preferences.c
8c build/plan9/generated/src/app/device_preferences.c
warning: /sys/src/inbe/build/plan9/generated/src/app/device_preferences.c:92[/tmp/inbe-plan9-build.119/build_plan9_generated_src_app_device_preferences.i:57863] set and not used: width
warning: /sys/src/inbe/build/plan9/generated/src/app/device_preferences.c:93[/tmp/inbe-plan9-build.119/build_plan9_generated_src_app_device_preferences.i:57864] set and not used: height
warning: /sys/src/inbe/build/plan9/generated/src/app/device_preferences.c:253[/tmp/inbe-plan9-build.119/build_plan9_generated_src_app_device_preferences.i:58024] set and not used: effective_dark
cpp build/plan9/generated/src/app/nav_sidebar.c
8c build/plan9/generated/src/app/nav_sidebar.c
warning: /sys/src/inbe/build/plan9/generated/src/app/nav_sidebar.c:12[/tmp/inbe-plan9-build.119/build_plan9_generated_src_app_nav_sidebar.i:57702] result of operation not used
warning: /sys/src/inbe/build/plan9/generated/src/app/nav_sidebar.c:12[/tmp/inbe-plan9-build.119/build_plan9_generated_src_app_nav_sidebar.i:57702] result of operation not used
cpp build/plan9/generated/src/breaks/app_breaks.c
8c build/plan9/generated/src/breaks/app_breaks.c
warning: /sys/src/inbe/build/plan9/generated/src/breaks/app_breaks.c:60[/tmp/inbe-plan9-build.119/build_plan9_generated_src_breaks_app_breaks.i:64709] non-interruptable temporary
warning: /sys/src/inbe/build/plan9/generated/src/breaks/app_breaks.c:61[/tmp/inbe-plan9-build.119/build_plan9_generated_src_breaks_app_breaks.i:64710] non-interruptable temporary
warning: /sys/src/inbe/build/plan9/generated/src/breaks/app_breaks.c:121[/tmp/inbe-plan9-build.119/build_plan9_generated_src_breaks_app_breaks.i:64770] param declared and not used: t
warning: /sys/src/inbe/build/plan9/generated/src/breaks/app_breaks.c:310[/tmp/inbe-plan9-build.119/build_plan9_generated_src_breaks_app_breaks.i:64959] set and not used: panel_w
warning: /sys/src/inbe/build/plan9/generated/src/breaks/app_breaks.c:387[/tmp/inbe-plan9-build.119/build_plan9_generated_src_breaks_app_breaks.i:65036] set and not used: ticks
warning: /sys/src/inbe/build/plan9/generated/src/breaks/app_breaks.c:731[/tmp/inbe-plan9-build.119/build_plan9_generated_src_breaks_app_breaks.i:65380] set and not used: elapsed
warning: /sys/src/inbe/build/plan9/generated/src/breaks/app_breaks.c:755[/tmp/inbe-plan9-build.119/build_plan9_generated_src_breaks_app_breaks.i:65404] set and not used: index
warning: /sys/src/inbe/build/plan9/generated/src/breaks/app_breaks.c:756[/tmp/inbe-plan9-build.119/build_plan9_generated_src_breaks_app_breaks.i:65405] set and not used: target
warning: /sys/src/inbe/build/plan9/generated/src/breaks/app_breaks.c:757[/tmp/inbe-plan9-build.119/build_plan9_generated_src_breaks_app_breaks.i:65406] set and not used: idle
cpp build/plan9/generated/src/breaks/break_engine.c
8c build/plan9/generated/src/breaks/break_engine.c
cpp build/plan9/generated/src/breaks/break_exercises.c
8c build/plan9/generated/src/breaks/break_exercises.c
cpp build/plan9/generated/src/core/breath_engine.c
8c build/plan9/generated/src/core/breath_engine.c
cpp build/plan9/generated/src/core/types.c
8c build/plan9/generated/src/core/types.c
cpp build/plan9/generated/src/practices/meditation/meditation_config.c
8c build/plan9/generated/src/practices/meditation/meditation_config.c
warning: /sys/src/inbe/build/plan9/generated/src/practices/meditation/meditation_config.c:55[/tmp/inbe-plan9-build.119/build_plan9_generated_src_practices_meditation_meditation_config.i:62811] set and not used: mode
warning: /sys/src/inbe/build/plan9/generated/src/practices/meditation/meditation_config.c:56[/tmp/inbe-plan9-build.119/build_plan9_generated_src_practices_meditation_meditation_config.i:62812] set and not used: columns
warning: /sys/src/inbe/build/plan9/generated/src/practices/meditation/meditation_config.c:59[/tmp/inbe-plan9-build.119/build_plan9_generated_src_practices_meditation_meditation_config.i:62815] set and not used: btn_w
warning: /sys/src/inbe/build/plan9/generated/src/practices/meditation/meditation_config.c:60[/tmp/inbe-plan9-build.119/build_plan9_generated_src_practices_meditation_meditation_config.i:62816] set and not used: row_y
warning: /sys/src/inbe/build/plan9/generated/src/practices/meditation/meditation_config.c:61[/tmp/inbe-plan9-build.119/build_plan9_generated_src_practices_meditation_meditation_config.i:62817] set and not used: custom_row_y
cpp build/plan9/generated/src/practices/meditation/meditation_manual.c
8c build/plan9/generated/src/practices/meditation/meditation_manual.c
warning: /sys/src/inbe/build/plan9/generated/src/practices/meditation/meditation_manual.c:77[/tmp/inbe-plan9-build.119/build_plan9_generated_src_practices_meditation_meditation_manual.i:60332] result of operation not used
warning: /sys/src/inbe/build/plan9/generated/src/practices/meditation/meditation_manual.c:77[/tmp/inbe-plan9-build.119/build_plan9_generated_src_practices_meditation_meditation_manual.i:60332] result of operation not used
warning: /sys/src/inbe/build/plan9/generated/src/practices/meditation/meditation_manual.c:89[/tmp/inbe-plan9-build.119/build_plan9_generated_src_practices_meditation_meditation_manual.i:60344] set and not used: page
skip build/plan9/generated/src/practices/meditation/meditation_music.c
cpp build/plan9/generated/src/practices/meditation/meditation_practice.c
8c build/plan9/generated/src/practices/meditation/meditation_practice.c
cpp build/plan9/generated/src/practices/meditation/meditation_session.c
8c build/plan9/generated/src/practices/meditation/meditation_session.c
warning: /sys/src/inbe/src/app/text_utils.h:23[/tmp/inbe-plan9-build.119/build_plan9_generated_src_practices_meditation_meditation_session.i:62625] set and not used: cut
warning: /sys/src/inbe/src/app/text_utils.h:58[/tmp/inbe-plan9-build.119/build_plan9_generated_src_practices_meditation_meditation_session.i:62660] set and not used: truncated
warning: /sys/src/inbe/build/plan9/generated/src/practices/meditation/meditation_session.c:102[/tmp/inbe-plan9-build.119/build_plan9_generated_src_practices_meditation_meditation_session.i:79900] set and not used: mode
warning: /sys/src/inbe/build/plan9/generated/src/practices/meditation/meditation_session.c:127[/tmp/inbe-plan9-build.119/build_plan9_generated_src_practices_meditation_meditation_session.i:79925] set and not used: duration
warning: /sys/src/inbe/build/plan9/generated/src/practices/meditation/meditation_session.c:194[/tmp/inbe-plan9-build.119/build_plan9_generated_src_practices_meditation_meditation_session.i:79992] set and not used: elapsed_total
warning: /sys/src/inbe/build/plan9/generated/src/practices/meditation/meditation_session.c:195[/tmp/inbe-plan9-build.119/build_plan9_generated_src_practices_meditation_meditation_session.i:79993] set and not used: elapsed_seconds
warning: /sys/src/inbe/build/plan9/generated/src/practices/meditation/meditation_session.c:228[/tmp/inbe-plan9-build.119/build_plan9_generated_src_practices_meditation_meditation_session.i:80026] set and not used: elapsed
warning: /sys/src/inbe/build/plan9/generated/src/practices/meditation/meditation_session.c:306[/tmp/inbe-plan9-build.119/build_plan9_generated_src_practices_meditation_meditation_session.i:80104] set and not used: elapsed
warning: /sys/src/inbe/build/plan9/generated/src/practices/meditation/meditation_session.c:307[/tmp/inbe-plan9-build.119/build_plan9_generated_src_practices_meditation_meditation_session.i:80105] set and not used: result
warning: /sys/src/inbe/build/plan9/generated/src/practices/meditation/meditation_session.c:333[/tmp/inbe-plan9-build.119/build_plan9_generated_src_practices_meditation_meditation_session.i:80131] set and not used: hours
warning: /sys/src/inbe/build/plan9/generated/src/practices/meditation/meditation_session.c:334[/tmp/inbe-plan9-build.119/build_plan9_generated_src_practices_meditation_meditation_session.i:80132] set and not used: minutes
warning: /sys/src/inbe/build/plan9/generated/src/practices/meditation/meditation_session.c:335[/tmp/inbe-plan9-build.119/build_plan9_generated_src_practices_meditation_meditation_session.i:80133] set and not used: secs
warning: /sys/src/inbe/build/plan9/generated/src/practices/meditation/meditation_session.c:366[/tmp/inbe-plan9-build.119/build_plan9_generated_src_practices_meditation_meditation_session.i:80164] set and not used: was_complete
warning: /sys/src/inbe/build/plan9/generated/src/practices/meditation/meditation_session.c:388[/tmp/inbe-plan9-build.119/build_plan9_generated_src_practices_meditation_meditation_session.i:80186] set and not used: modal_x
warning: /sys/src/inbe/build/plan9/generated/src/practices/meditation/meditation_session.c:389[/tmp/inbe-plan9-build.119/build_plan9_generated_src_practices_meditation_meditation_session.i:80187] set and not used: modal_y
warning: /sys/src/inbe/build/plan9/generated/src/practices/meditation/meditation_session.c:390[/tmp/inbe-plan9-build.119/build_plan9_generated_src_practices_meditation_meditation_session.i:80188] set and not used: title_font
warning: /sys/src/inbe/build/plan9/generated/src/practices/meditation/meditation_session.c:391[/tmp/inbe-plan9-build.119/build_plan9_generated_src_practices_meditation_meditation_session.i:80189] set and not used: title_w
warning: /sys/src/inbe/build/plan9/generated/src/practices/meditation/meditation_session.c:395[/tmp/inbe-plan9-build.119/build_plan9_generated_src_practices_meditation_meditation_session.i:80193] set and not used: row_y
warning: /sys/src/inbe/build/plan9/generated/src/practices/meditation/meditation_session.c:396[/tmp/inbe-plan9-build.119/build_plan9_generated_src_practices_meditation_meditation_session.i:80194] set and not used: btn_w
warning: /sys/src/inbe/build/plan9/generated/src/practices/meditation/meditation_session.c:398[/tmp/inbe-plan9-build.119/build_plan9_generated_src_practices_meditation_meditation_session.i:80196] set and not used: cancel_x
warning: /sys/src/inbe/build/plan9/generated/src/practices/meditation/meditation_session.c:399[/tmp/inbe-plan9-build.119/build_plan9_generated_src_practices_meditation_meditation_session.i:80197] set and not used: cancel_y
warning: /sys/src/inbe/build/plan9/generated/src/practices/meditation/meditation_session.c:565[/tmp/inbe-plan9-build.119/build_plan9_generated_src_practices_meditation_meditation_session.i:80363] set and not used: max_w
warning: /sys/src/inbe/build/plan9/generated/src/practices/meditation/meditation_session.c:566[/tmp/inbe-plan9-build.119/build_plan9_generated_src_practices_meditation_meditation_session.i:80364] set and not used: text_w
cpp build/plan9/generated/src/practices/patterns/patterns_practice.c
8c build/plan9/generated/src/practices/patterns/patterns_practice.c
warning: /sys/src/inbe/build/plan9/generated/src/practices/patterns/patterns_practice.c:158[/tmp/inbe-plan9-build.119/build_plan9_generated_src_practices_patterns_patterns_practice.i:63102] result of operation not used
warning: /sys/src/inbe/build/plan9/generated/src/practices/patterns/patterns_practice.c:158[/tmp/inbe-plan9-build.119/build_plan9_generated_src_practices_patterns_patterns_practice.i:63102] result of operation not used
warning: /sys/src/inbe/build/plan9/generated/src/practices/patterns/patterns_practice.c:214[/tmp/inbe-plan9-build.119/build_plan9_generated_src_practices_patterns_patterns_practice.i:63158] set and not used: result
warning: /sys/src/inbe/build/plan9/generated/src/practices/patterns/patterns_practice.c:390[/tmp/inbe-plan9-build.119/build_plan9_generated_src_practices_patterns_patterns_practice.i:63334] auto declared and not used: value
warning: /sys/src/inbe/build/plan9/generated/src/practices/patterns/patterns_practice.c:390[/tmp/inbe-plan9-build.119/build_plan9_generated_src_practices_patterns_patterns_practice.i:63334] set and not used: value
warning: /sys/src/inbe/build/plan9/generated/src/practices/patterns/patterns_practice.c:507[/tmp/inbe-plan9-build.119/build_plan9_generated_src_practices_patterns_patterns_practice.i:63451] set and not used: top_y
warning: /sys/src/inbe/build/plan9/generated/src/practices/patterns/patterns_practice.c:632[/tmp/inbe-plan9-build.119/build_plan9_generated_src_practices_patterns_patterns_practice.i:63576] result of operation not used
warning: /sys/src/inbe/build/plan9/generated/src/practices/patterns/patterns_practice.c:632[/tmp/inbe-plan9-build.119/build_plan9_generated_src_practices_patterns_patterns_practice.i:63576] result of operation not used
cpp build/plan9/generated/src/practices/practice_registry.c
8c build/plan9/generated/src/practices/practice_registry.c
warning: /sys/src/inbe/build/plan9/generated/src/practices/practice_registry.c:109[/tmp/inbe-plan9-build.119/build_plan9_generated_src_practices_practice_registry.i:57961] set and not used: practice
warning: /sys/src/inbe/build/plan9/generated/src/practices/practice_registry.c:189[/tmp/inbe-plan9-build.119/build_plan9_generated_src_practices_practice_registry.i:58041] set and not used: practice
cpp build/plan9/generated/src/practices/sun_salutation/sun_salutation_practice.c
8c build/plan9/generated/src/practices/sun_salutation/sun_salutation_practice.c
 const if true
warning:  set and not used: label_w
warning:  set and not used: thumb_h
warning:  set and not used: active_step
warning:  set and not used: preview_step_ticks
warning:  set and not used: row_y
warning:  set and not used: label_w
warning:  set and not used: row_y
warning:  set and not used: label
warning:  set and not used: text_w
warning:  set and not used: bottom_padding
warning:  set and not used: scroll_y
warning:  set and not used: scroll_h
cpp build/plan9/generated/src/practices/sun_salutation/sun_salutation_session.c
8c build/plan9/generated/src/practices/sun_salutation/sun_salutation_session.c
warning: /sys/src/inbe/src/app/text_utils.h:23[/tmp/inbe-plan9-build.119/build_plan9_generated_src_practices_sun_salutation_sun_salutation_session.i:62625] set and not used: cut
warning: /sys/src/inbe/src/app/text_utils.h:58[/tmp/inbe-plan9-build.119/build_plan9_generated_src_practices_sun_salutation_sun_salutation_session.i:62660] set and not used: truncated
warning:  set and not used: start_seconds
warning:  set and not used: end_seconds
warning:  set and not used: repetitions
warning:  set and not used: repetition
warning:  set and not used: ticks_per_step
warning:  set and not used: frame_index
warning:  set and not used: elapsed_seconds
warning:  set and not used: text_w
warning:  set and not used: x
warning:  set and not used: y
warning:  set and not used: w
warning:  set and not used: fill_w
warning:  result of operation not used
warning:  result of operation not used
warning:  set and not used: step_label
warning:  set and not used: step
warning:  set and not used: repetition
warning:  set and not used: repetitions
warning:  set and not used: figure
warning:  set and not used: pose_index
warning:  set and not used: transition_index
warning:  set and not used: transition_frame
warning:  set and not used: current_step_seconds
warning:  set and not used: ticks_per_step
warning:  set and not used: image_bottom
cpp build/plan9/generated/src/practices/whm/results.c
8c build/plan9/generated/src/practices/whm/results.c
warning: /sys/src/inbe/build/plan9/generated/src/practices/whm/results.c:12[/tmp/inbe-plan9-build.119/build_plan9_generated_src_practices_whm_results.i:56974] result of operation not used
warning: /sys/src/inbe/build/plan9/generated/src/practices/whm/results.c:12[/tmp/inbe-plan9-build.119/build_plan9_generated_src_practices_whm_results.i:56974] result of operation not used
cpp build/plan9/generated/src/practices/whm/whm_config.c
8c build/plan9/generated/src/practices/whm/whm_config.c
warning: /sys/src/inbe/build/plan9/generated/src/practices/whm/whm_config.c:58[/tmp/inbe-plan9-build.119/build_plan9_generated_src_practices_whm_whm_config.i:63498] set and not used: modal_x
warning: /sys/src/inbe/build/plan9/generated/src/practices/whm/whm_config.c:59[/tmp/inbe-plan9-build.119/build_plan9_generated_src_practices_whm_whm_config.i:63499] set and not used: modal_y
warning: /sys/src/inbe/build/plan9/generated/src/practices/whm/whm_config.c:61[/tmp/inbe-plan9-build.119/build_plan9_generated_src_practices_whm_whm_config.i:63501] set and not used: title_y
warning: /sys/src/inbe/build/plan9/generated/src/practices/whm/whm_config.c:68[/tmp/inbe-plan9-build.119/build_plan9_generated_src_practices_whm_whm_config.i:63508] set and not used: title
warning: /sys/src/inbe/build/plan9/generated/src/practices/whm/whm_config.c:69[/tmp/inbe-plan9-build.119/build_plan9_generated_src_practices_whm_whm_config.i:63509] set and not used: title_w
warning: /sys/src/inbe/build/plan9/generated/src/practices/whm/whm_config.c:70[/tmp/inbe-plan9-build.119/build_plan9_generated_src_practices_whm_whm_config.i:63510] set and not used: title_max_w
warning: /sys/src/inbe/build/plan9/generated/src/practices/whm/whm_config.c:151[/tmp/inbe-plan9-build.119/build_plan9_generated_src_practices_whm_whm_config.i:63591] set and not used: preview_radius
warning: /sys/src/inbe/build/plan9/generated/src/practices/whm/whm_config.c:351[/tmp/inbe-plan9-build.119/build_plan9_generated_src_practices_whm_whm_config.i:63791] set and not used: h
warning: /sys/src/inbe/build/plan9/generated/src/practices/whm/whm_config.c:388[/tmp/inbe-plan9-build.119/build_plan9_generated_src_practices_whm_whm_config.i:63828] set and not used: clicked_config_tab
cpp build/plan9/generated/src/practices/whm/whm_manual.c
8c build/plan9/generated/src/practices/whm/whm_manual.c
warning: /sys/src/inbe/build/plan9/generated/src/practices/whm/whm_manual.c:281[/tmp/inbe-plan9-build.119/build_plan9_generated_src_practices_whm_whm_manual.i:60576] set and not used: step
cpp build/plan9/generated/src/practices/whm/whm_practice.c
8c build/plan9/generated/src/practices/whm/whm_practice.c
warning: /sys/src/inbe/build/plan9/generated/src/practices/whm/whm_practice.c:54[/tmp/inbe-plan9-build.119/build_plan9_generated_src_practices_whm_whm_practice.i:57742] result of operation not used
warning: /sys/src/inbe/build/plan9/generated/src/practices/whm/whm_practice.c:54[/tmp/inbe-plan9-build.119/build_plan9_generated_src_practices_whm_whm_practice.i:57742] result of operation not used
cpp build/plan9/generated/src/practices/whm/whm_session.c
8c build/plan9/generated/src/practices/whm/whm_session.c
warning: /sys/src/inbe/src/app/text_utils.h:23[/tmp/inbe-plan9-build.119/build_plan9_generated_src_practices_whm_whm_session.i:62625] set and not used: cut
warning: /sys/src/inbe/src/app/text_utils.h:58[/tmp/inbe-plan9-build.119/build_plan9_generated_src_practices_whm_whm_session.i:62660] set and not used: truncated
warning: /sys/src/inbe/build/plan9/generated/src/practices/whm/whm_session.c:78[/tmp/inbe-plan9-build.119/build_plan9_generated_src_practices_whm_whm_session.i:79352] set and not used: old_rmin
warning: /sys/src/inbe/build/plan9/generated/src/practices/whm/whm_session.c:79[/tmp/inbe-plan9-build.119/build_plan9_generated_src_practices_whm_whm_session.i:79353] set and not used: old_rmax
warning: /sys/src/inbe/build/plan9/generated/src/practices/whm/whm_session.c:80[/tmp/inbe-plan9-build.119/build_plan9_generated_src_practices_whm_whm_session.i:79354] set and not used: old_span
warning: /sys/src/inbe/build/plan9/generated/src/practices/whm/whm_session.c:81[/tmp/inbe-plan9-build.119/build_plan9_generated_src_practices_whm_whm_session.i:79355] set and not used: new_span
warning: /sys/src/inbe/build/plan9/generated/src/practices/whm/whm_session.c:122[/tmp/inbe-plan9-build.119/build_plan9_generated_src_practices_whm_whm_session.i:79396] set and not used: rmax
warning: /sys/src/inbe/build/plan9/generated/src/practices/whm/whm_session.c:123[/tmp/inbe-plan9-build.119/build_plan9_generated_src_practices_whm_whm_session.i:79397] set and not used: rmin
warning: /sys/src/inbe/build/plan9/generated/src/practices/whm/whm_session.c:153[/tmp/inbe-plan9-build.119/build_plan9_generated_src_practices_whm_whm_session.i:79427] set and not used: rmax
warning: /sys/src/inbe/build/plan9/generated/src/practices/whm/whm_session.c:154[/tmp/inbe-plan9-build.119/build_plan9_generated_src_practices_whm_whm_session.i:79428] set and not used: rmin
warning: /sys/src/inbe/build/plan9/generated/src/practices/whm/whm_session.c:223[/tmp/inbe-plan9-build.119/build_plan9_generated_src_practices_whm_whm_session.i:79497] set and not used: seconds
warning: /sys/src/inbe/build/plan9/generated/src/practices/whm/whm_session.c:224[/tmp/inbe-plan9-build.119/build_plan9_generated_src_practices_whm_whm_session.i:79498] set and not used: bucket
warning: /sys/src/inbe/build/plan9/generated/src/practices/whm/whm_session.c:366[/tmp/inbe-plan9-build.119/build_plan9_generated_src_practices_whm_whm_session.i:79640] set and not used: elapsed_total
warning: /sys/src/inbe/build/plan9/generated/src/practices/whm/whm_session.c:367[/tmp/inbe-plan9-build.119/build_plan9_generated_src_practices_whm_whm_session.i:79641] set and not used: frame_count
warning: /sys/src/inbe/build/plan9/generated/src/practices/whm/whm_session.c:461[/tmp/inbe-plan9-build.119/build_plan9_generated_src_practices_whm_whm_session.i:79735] set and not used: rounds
warning: /sys/src/inbe/build/plan9/generated/src/practices/whm/whm_session.c:492[/tmp/inbe-plan9-build.119/build_plan9_generated_src_practices_whm_whm_session.i:79766] set and not used: rounds
warning: /sys/src/inbe/build/plan9/generated/src/practices/whm/whm_session.c:796[/tmp/inbe-plan9-build.119/build_plan9_generated_src_practices_whm_whm_session.i:80070] set and not used: count
warning: /sys/src/inbe/build/plan9/generated/src/practices/whm/whm_session.c:801[/tmp/inbe-plan9-build.119/build_plan9_generated_src_practices_whm_whm_session.i:80075] set and not used: remaining
warning: /sys/src/inbe/build/plan9/generated/src/practices/whm/whm_session.c:864[/tmp/inbe-plan9-build.119/build_plan9_generated_src_practices_whm_whm_session.i:80138] set and not used: total_seconds
warning: /sys/src/inbe/build/plan9/generated/src/practices/whm/whm_session.c:865[/tmp/inbe-plan9-build.119/build_plan9_generated_src_practices_whm_whm_session.i:80139] set and not used: total_frames
warning: /sys/src/inbe/build/plan9/generated/src/practices/whm/whm_session.c:866[/tmp/inbe-plan9-build.119/build_plan9_generated_src_practices_whm_whm_session.i:80140] set and not used: frame_in_minute
warning: /sys/src/inbe/build/plan9/generated/src/practices/whm/whm_session.c:867[/tmp/inbe-plan9-build.119/build_plan9_generated_src_practices_whm_whm_session.i:80141] set and not used: count
warning: /sys/src/inbe/build/plan9/generated/src/practices/whm/whm_session.c:924[/tmp/inbe-plan9-build.119/build_plan9_generated_src_practices_whm_whm_session.i:80198] set and not used: band_width
warning: /sys/src/inbe/build/plan9/generated/src/practices/whm/whm_session.c:925[/tmp/inbe-plan9-build.119/build_plan9_generated_src_practices_whm_whm_session.i:80199] set and not used: thickness
warning: /sys/src/inbe/build/plan9/generated/src/practices/whm/whm_session.c:1042[/tmp/inbe-plan9-build.119/build_plan9_generated_src_practices_whm_whm_session.i:80316] set and not used: practice_w
warning: /sys/src/inbe/build/plan9/generated/src/practices/whm/whm_session.c:1043[/tmp/inbe-plan9-build.119/build_plan9_generated_src_practices_whm_whm_session.i:80317] set and not used: practice_y
warning: /sys/src/inbe/build/plan9/generated/src/practices/whm/whm_session.c:1101[/tmp/inbe-plan9-build.119/build_plan9_generated_src_practices_whm_whm_session.i:80375] result of operation not used
warning: /sys/src/inbe/build/plan9/generated/src/practices/whm/whm_session.c:1101[/tmp/inbe-plan9-build.119/build_plan9_generated_src_practices_whm_whm_session.i:80375] result of operation not used
warning: /sys/src/inbe/build/plan9/generated/src/practices/whm/whm_session.c:1102[/tmp/inbe-plan9-build.119/build_plan9_generated_src_practices_whm_whm_session.i:80376] result of operation not used
warning: /sys/src/inbe/build/plan9/generated/src/practices/whm/whm_session.c:1102[/tmp/inbe-plan9-build.119/build_plan9_generated_src_practices_whm_whm_session.i:80376] result of operation not used
warning: /sys/src/inbe/build/plan9/generated/src/practices/whm/whm_session.c:1103[/tmp/inbe-plan9-build.119/build_plan9_generated_src_practices_whm_whm_session.i:80377] result of operation not used
warning: /sys/src/inbe/build/plan9/generated/src/practices/whm/whm_session.c:1103[/tmp/inbe-plan9-build.119/build_plan9_generated_src_practices_whm_whm_session.i:80377] result of operation not used
warning: /sys/src/inbe/build/plan9/generated/src/practices/whm/whm_session.c:1129[/tmp/inbe-plan9-build.119/build_plan9_generated_src_practices_whm_whm_session.i:80403] set and not used: title_w
warning: /sys/src/inbe/build/plan9/generated/src/practices/whm/whm_session.c:1226[/tmp/inbe-plan9-build.119/build_plan9_generated_src_practices_whm_whm_session.i:80500] set and not used: result
warning: /sys/src/inbe/build/plan9/generated/src/practices/whm/whm_session.c:1402[/tmp/inbe-plan9-build.119/build_plan9_generated_src_practices_whm_whm_session.i:80676] set and not used: breath_x
warning: /sys/src/inbe/build/plan9/generated/src/practices/whm/whm_session.c:1466[/tmp/inbe-plan9-build.119/build_plan9_generated_src_practices_whm_whm_session.i:80740] result of operation not used
warning: /sys/src/inbe/build/plan9/generated/src/practices/whm/whm_session.c:1466[/tmp/inbe-plan9-build.119/build_plan9_generated_src_practices_whm_whm_session.i:80740] result of operation not used
warning: /sys/src/inbe/build/plan9/generated/src/practices/whm/whm_session.c:1464[/tmp/inbe-plan9-build.119/build_plan9_generated_src_practices_whm_whm_session.i:80738] set and not used: title_font
warning: /sys/src/inbe/build/plan9/generated/src/practices/whm/whm_session.c:1465[/tmp/inbe-plan9-build.119/build_plan9_generated_src_practices_whm_whm_session.i:80739] set and not used: title_w
cpp build/plan9/generated/src/screens/break_exercises_screen.c
8c build/plan9/generated/src/screens/break_exercises_screen.c
warning: /sys/src/inbe/build/plan9/generated/src/screens/break_exercises_screen.c:33[/tmp/inbe-plan9-build.119/build_plan9_generated_src_screens_break_exercises_screen.i:57016] auto declared and not used: w
warning: /sys/src/inbe/build/plan9/generated/src/screens/break_exercises_screen.c:33[/tmp/inbe-plan9-build.119/build_plan9_generated_src_screens_break_exercises_screen.i:57016] set and not used: w
warning: /sys/src/inbe/build/plan9/generated/src/screens/break_exercises_screen.c:70[/tmp/inbe-plan9-build.119/build_plan9_generated_src_screens_break_exercises_screen.i:57053] set and not used: step_count
cpp build/plan9/generated/src/screens/break_overlay.c
8c build/plan9/generated/src/screens/break_overlay.c
warning: /sys/src/inbe/build/plan9/generated/src/screens/break_overlay.c:201[/tmp/inbe-plan9-build.119/build_plan9_generated_src_screens_break_overlay.i:60415] set and not used: title
warning: /sys/src/inbe/build/plan9/generated/src/screens/break_overlay.c:202[/tmp/inbe-plan9-build.119/build_plan9_generated_src_screens_break_overlay.i:60416] set and not used: body
warning: /sys/src/inbe/build/plan9/generated/src/screens/break_overlay.c:223[/tmp/inbe-plan9-build.119/build_plan9_generated_src_screens_break_overlay.i:60437] set and not used: time_text_w
cpp build/plan9/generated/src/screens/habits/edit.c
8c build/plan9/generated/src/screens/habits/edit.c
warning: /sys/src/inbe/build/plan9/generated/src/screens/habits/edit.c:27[/tmp/inbe-plan9-build.119/build_plan9_generated_src_screens_habits_edit.i:61171] set and not used: default_name
warning: /sys/src/inbe/build/plan9/generated/src/screens/habits/edit.c:103[/tmp/inbe-plan9-build.119/build_plan9_generated_src_screens_habits_edit.i:61247] set and not used: start
warning: /sys/src/inbe/build/plan9/generated/src/screens/habits/edit.c:104[/tmp/inbe-plan9-build.119/build_plan9_generated_src_screens_habits_edit.i:61248] set and not used: end
warning: /sys/src/inbe/build/plan9/generated/src/screens/habits/edit.c:128[/tmp/inbe-plan9-build.119/build_plan9_generated_src_screens_habits_edit.i:61272] set and not used: modal_h
warning: /sys/src/inbe/build/plan9/generated/src/screens/habits/edit.c:129[/tmp/inbe-plan9-build.119/build_plan9_generated_src_screens_habits_edit.i:61273] set and not used: modal_w
warning: /sys/src/inbe/build/plan9/generated/src/screens/habits/edit.c:130[/tmp/inbe-plan9-build.119/build_plan9_generated_src_screens_habits_edit.i:61274] set and not used: paragraph_h
warning: /sys/src/inbe/build/plan9/generated/src/screens/habits/edit.c:133[/tmp/inbe-plan9-build.119/build_plan9_generated_src_screens_habits_edit.i:61277] set and not used: button_y
warning: /sys/src/inbe/build/plan9/generated/src/screens/habits/edit.c:134[/tmp/inbe-plan9-build.119/build_plan9_generated_src_screens_habits_edit.i:61278] set and not used: text_h
warning: /sys/src/inbe/build/plan9/generated/src/screens/habits/edit.c:209[/tmp/inbe-plan9-build.119/build_plan9_generated_src_screens_habits_edit.i:61353] set and not used: name_text
warning: /sys/src/inbe/build/plan9/generated/src/screens/habits/edit.c:210[/tmp/inbe-plan9-build.119/build_plan9_generated_src_screens_habits_edit.i:61354] set and not used: index
warning: /sys/src/inbe/build/plan9/generated/src/screens/habits/edit.c:287[/tmp/inbe-plan9-build.119/build_plan9_generated_src_screens_habits_edit.i:61431] set and not used: len
warning: /sys/src/inbe/build/plan9/generated/src/screens/habits/edit.c:432[/tmp/inbe-plan9-build.119/build_plan9_generated_src_screens_habits_edit.i:61576] set and not used: delete_w
warning: /sys/src/inbe/build/plan9/generated/src/screens/habits/edit.c:487[/tmp/inbe-plan9-build.119/build_plan9_generated_src_screens_habits_edit.i:61631] set and not used: title
warning: /sys/src/inbe/build/plan9/generated/src/screens/habits/edit.c:491[/tmp/inbe-plan9-build.119/build_plan9_generated_src_screens_habits_edit.i:61635] set and not used: bottom_reserved
warning: /sys/src/inbe/build/plan9/generated/src/screens/habits/edit.c:492[/tmp/inbe-plan9-build.119/build_plan9_generated_src_screens_habits_edit.i:61636] set and not used: content_x
warning: /sys/src/inbe/build/plan9/generated/src/screens/habits/edit.c:493[/tmp/inbe-plan9-build.119/build_plan9_generated_src_screens_habits_edit.i:61637] set and not used: content_w
warning: /sys/src/inbe/build/plan9/generated/src/screens/habits/edit.c:495[/tmp/inbe-plan9-build.119/build_plan9_generated_src_screens_habits_edit.i:61639] set and not used: y
warning: /sys/src/inbe/build/plan9/generated/src/screens/habits/edit.c:501[/tmp/inbe-plan9-build.119/build_plan9_generated_src_screens_habits_edit.i:61645] set and not used: title_font
warning: /sys/src/inbe/build/plan9/generated/src/screens/habits/edit.c:502[/tmp/inbe-plan9-build.119/build_plan9_generated_src_screens_habits_edit.i:61646] set and not used: title_w
warning: /sys/src/inbe/build/plan9/generated/src/screens/habits/edit.c:550[/tmp/inbe-plan9-build.119/build_plan9_generated_src_screens_habits_edit.i:61694] set and not used: y
cpp build/plan9/generated/src/screens/habits/session.c
8c build/plan9/generated/src/screens/habits/session.c
warning: /sys/src/inbe/build/plan9/generated/src/screens/habits/session.c:40[/tmp/inbe-plan9-build.119/build_plan9_generated_src_screens_habits_session.i:61191] result of operation not used
warning: /sys/src/inbe/build/plan9/generated/src/screens/habits/session.c:40[/tmp/inbe-plan9-build.119/build_plan9_generated_src_screens_habits_session.i:61191] result of operation not used
warning: /sys/src/inbe/build/plan9/generated/src/screens/habits/session.c:48[/tmp/inbe-plan9-build.119/build_plan9_generated_src_screens_habits_session.i:61199] set and not used: cursor
warning: /sys/src/inbe/build/plan9/generated/src/screens/habits/session.c:49[/tmp/inbe-plan9-build.119/build_plan9_generated_src_screens_habits_session.i:61200] set and not used: needle_len
warning: /sys/src/inbe/build/plan9/generated/src/screens/habits/session.c:65[/tmp/inbe-plan9-build.119/build_plan9_generated_src_screens_habits_session.i:61216] set and not used: value_at
warning: /sys/src/inbe/build/plan9/generated/src/screens/habits/session.c:66[/tmp/inbe-plan9-build.119/build_plan9_generated_src_screens_habits_session.i:61217] set and not used: suffix
warning: /sys/src/inbe/build/plan9/generated/src/screens/habits/session.c:68[/tmp/inbe-plan9-build.119/build_plan9_generated_src_screens_habits_session.i:61219] set and not used: prefix_len
warning: /sys/src/inbe/build/plan9/generated/src/screens/habits/session.c:69[/tmp/inbe-plan9-build.119/build_plan9_generated_src_screens_habits_session.i:61220] set and not used: text_y
warning: /sys/src/inbe/build/plan9/generated/src/screens/habits/session.c:70[/tmp/inbe-plan9-build.119/build_plan9_generated_src_screens_habits_session.i:61221] set and not used: draw_x
warning: /sys/src/inbe/build/plan9/generated/src/screens/habits/session.c:174[/tmp/inbe-plan9-build.119/build_plan9_generated_src_screens_habits_session.i:61325] set and not used: habit
warning: /sys/src/inbe/build/plan9/generated/src/screens/habits/session.c:177[/tmp/inbe-plan9-build.119/build_plan9_generated_src_screens_habits_session.i:61328] set and not used: bottom_reserved
warning: /sys/src/inbe/build/plan9/generated/src/screens/habits/session.c:178[/tmp/inbe-plan9-build.119/build_plan9_generated_src_screens_habits_session.i:61329] set and not used: keyboard_h
warning: /sys/src/inbe/build/plan9/generated/src/screens/habits/session.c:179[/tmp/inbe-plan9-build.119/build_plan9_generated_src_screens_habits_session.i:61330] set and not used: viewport_h
warning: /sys/src/inbe/build/plan9/generated/src/screens/habits/session.c:310[/tmp/inbe-plan9-build.119/build_plan9_generated_src_screens_habits_session.i:61461] set and not used: summary_x
warning: /sys/src/inbe/build/plan9/generated/src/screens/habits/session.c:553[/tmp/inbe-plan9-build.119/build_plan9_generated_src_screens_habits_session.i:61704] set and not used: len
warning: /sys/src/inbe/build/plan9/generated/src/screens/habits/session.c:569[/tmp/inbe-plan9-build.119/build_plan9_generated_src_screens_habits_session.i:61720] set and not used: len
warning: /sys/src/inbe/build/plan9/generated/src/screens/habits/session.c:570[/tmp/inbe-plan9-build.119/build_plan9_generated_src_screens_habits_session.i:61721] set and not used: cursor
warning: /sys/src/inbe/build/plan9/generated/src/screens/habits/session.c:591[/tmp/inbe-plan9-build.119/build_plan9_generated_src_screens_habits_session.i:61742] set and not used: len
warning: /sys/src/inbe/build/plan9/generated/src/screens/habits/session.c:592[/tmp/inbe-plan9-build.119/build_plan9_generated_src_screens_habits_session.i:61743] set and not used: cursor
cpp build/plan9/generated/src/screens/habits_screen.c
8c build/plan9/generated/src/screens/habits_screen.c
warning: /sys/src/inbe/src/app/text_utils.h:23[/tmp/inbe-plan9-build.119/build_plan9_generated_src_screens_habits_screen.i:63129] set and not used: cut
warning: /sys/src/inbe/src/app/text_utils.h:58[/tmp/inbe-plan9-build.119/build_plan9_generated_src_screens_habits_screen.i:63164] set and not used: truncated
warning: /sys/src/inbe/build/plan9/generated/src/screens/habits_screen.c:109[/tmp/inbe-plan9-build.119/build_plan9_generated_src_screens_habits_screen.i:63709] result of operation not used
warning: /sys/src/inbe/build/plan9/generated/src/screens/habits_screen.c:109[/tmp/inbe-plan9-build.119/build_plan9_generated_src_screens_habits_screen.i:63709] result of operation not used
warning: /sys/src/inbe/build/plan9/generated/src/screens/habits_screen.c:110[/tmp/inbe-plan9-build.119/build_plan9_generated_src_screens_habits_screen.i:63710] result of operation not used
warning: /sys/src/inbe/build/plan9/generated/src/screens/habits_screen.c:154[/tmp/inbe-plan9-build.119/build_plan9_generated_src_screens_habits_screen.i:63754] set and not used: action
warning: /sys/src/inbe/build/plan9/generated/src/screens/habits_screen.c:172[/tmp/inbe-plan9-build.119/build_plan9_generated_src_screens_habits_screen.i:63772] set and not used: days
warning: /sys/src/inbe/build/plan9/generated/src/screens/habits_screen.c:173[/tmp/inbe-plan9-build.119/build_plan9_generated_src_screens_habits_screen.i:63773] set and not used: new_capacity
warning: /sys/src/inbe/build/plan9/generated/src/screens/habits_screen.c:360[/tmp/inbe-plan9-build.119/build_plan9_generated_src_screens_habits_screen.i:63960] set and not used: habit
warning: /sys/src/inbe/build/plan9/generated/src/screens/habits_screen.c:530[/tmp/inbe-plan9-build.119/build_plan9_generated_src_screens_habits_screen.i:64130] set and not used: habit
warning: /sys/src/inbe/build/plan9/generated/src/screens/habits_screen.c:610[/tmp/inbe-plan9-build.119/build_plan9_generated_src_screens_habits_screen.i:64210] set and not used: habit
warning: /sys/src/inbe/build/plan9/generated/src/screens/habits_screen.c:611[/tmp/inbe-plan9-build.119/build_plan9_generated_src_screens_habits_screen.i:64211] set and not used: existing_index
warning: /sys/src/inbe/build/plan9/generated/src/screens/habits_screen.c:612[/tmp/inbe-plan9-build.119/build_plan9_generated_src_screens_habits_screen.i:64212] set and not used: count
warning: /sys/src/inbe/build/plan9/generated/src/screens/habits_screen.c:635[/tmp/inbe-plan9-build.119/build_plan9_generated_src_screens_habits_screen.i:64235] set and not used: habit
warning: /sys/src/inbe/build/plan9/generated/src/screens/habits_screen.c:636[/tmp/inbe-plan9-build.119/build_plan9_generated_src_screens_habits_screen.i:64236] set and not used: existing_index
warning: /sys/src/inbe/build/plan9/generated/src/screens/habits_screen.c:661[/tmp/inbe-plan9-build.119/build_plan9_generated_src_screens_habits_screen.i:64261] set and not used: habit
warning: /sys/src/inbe/build/plan9/generated/src/screens/habits_screen.c:662[/tmp/inbe-plan9-build.119/build_plan9_generated_src_screens_habits_screen.i:64262] set and not used: existing_index
warning: /sys/src/inbe/build/plan9/generated/src/screens/habits_screen.c:809[/tmp/inbe-plan9-build.119/build_plan9_generated_src_screens_habits_screen.i:64409] result of operation not used
warning: /sys/src/inbe/build/plan9/generated/src/screens/habits_screen.c:809[/tmp/inbe-plan9-build.119/build_plan9_generated_src_screens_habits_screen.i:64409] result of operation not used
warning: /sys/src/inbe/build/plan9/generated/src/screens/habits_screen.c:807[/tmp/inbe-plan9-build.119/build_plan9_generated_src_screens_habits_screen.i:64407] set and not used: entry
warning: /sys/src/inbe/build/plan9/generated/src/screens/habits_screen.c:936[/tmp/inbe-plan9-build.119/build_plan9_generated_src_screens_habits_screen.i:64536] set and not used: habit
warning: /sys/src/inbe/build/plan9/generated/src/screens/habits_screen.c:1024[/tmp/inbe-plan9-build.119/build_plan9_generated_src_screens_habits_screen.i:64624] result of operation not used
warning: /sys/src/inbe/build/plan9/generated/src/screens/habits_screen.c:1024[/tmp/inbe-plan9-build.119/build_plan9_generated_src_screens_habits_screen.i:64624] result of operation not used
warning: /sys/src/inbe/build/plan9/generated/src/screens/habits_screen.c:1084[/tmp/inbe-plan9-build.119/build_plan9_generated_src_screens_habits_screen.i:64684] set and not used: was_edit_tab
warning: /sys/src/inbe/build/plan9/generated/src/screens/habits_screen.c:1200[/tmp/inbe-plan9-build.119/build_plan9_generated_src_screens_habits_screen.i:64800] set and not used: option_count
warning: /sys/src/inbe/build/plan9/generated/src/screens/habits_screen.c:1202[/tmp/inbe-plan9-build.119/build_plan9_generated_src_screens_habits_screen.i:64802] set and not used: draft_new
warning: /sys/src/inbe/build/plan9/generated/src/screens/habits_screen.c:1203[/tmp/inbe-plan9-build.119/build_plan9_generated_src_screens_habits_screen.i:64803] set and not used: selected
warning: /sys/src/inbe/build/plan9/generated/src/screens/habits_screen.c:1205[/tmp/inbe-plan9-build.119/build_plan9_generated_src_screens_habits_screen.i:64805] set and not used: clicked_tab
warning: /sys/src/inbe/build/plan9/generated/src/screens/habits_screen.c:1339[/tmp/inbe-plan9-build.119/build_plan9_generated_src_screens_habits_screen.i:64939] set and not used: columns
warning: /sys/src/inbe/build/plan9/generated/src/screens/habits_screen.c:1430[/tmp/inbe-plan9-build.119/build_plan9_generated_src_screens_habits_screen.i:65030] set and not used: month
warning: /sys/src/inbe/build/plan9/generated/src/screens/habits_screen.c:1431[/tmp/inbe-plan9-build.119/build_plan9_generated_src_screens_habits_screen.i:65031] set and not used: day
warning: /sys/src/inbe/build/plan9/generated/src/screens/habits_screen.c:1462[/tmp/inbe-plan9-build.119/build_plan9_generated_src_screens_habits_screen.i:65062] result of operation not used
warning: /sys/src/inbe/build/plan9/generated/src/screens/habits_screen.c:1462[/tmp/inbe-plan9-build.119/build_plan9_generated_src_screens_habits_screen.i:65062] result of operation not used
warning: /sys/src/inbe/build/plan9/generated/src/screens/habits_screen.c:1489[/tmp/inbe-plan9-build.119/build_plan9_generated_src_screens_habits_screen.i:65089] set and not used: step
warning: /sys/src/inbe/build/plan9/generated/src/screens/habits_screen.c:1548[/tmp/inbe-plan9-build.119/build_plan9_generated_src_screens_habits_screen.i:65148] set and not used: x
warning: /sys/src/inbe/build/plan9/generated/src/screens/habits_screen.c:1582[/tmp/inbe-plan9-build.119/build_plan9_generated_src_screens_habits_screen.i:65182] set and not used: draw_w
warning: /sys/src/inbe/build/plan9/generated/src/screens/habits_screen.c:1638[/tmp/inbe-plan9-build.119/build_plan9_generated_src_screens_habits_screen.i:65238] set and not used: y
warning: /sys/src/inbe/build/plan9/generated/src/screens/habits_screen.c:1643[/tmp/inbe-plan9-build.119/build_plan9_generated_src_screens_habits_screen.i:65243] set and not used: text_w
warning: /sys/src/inbe/build/plan9/generated/src/screens/habits_screen.c:1666[/tmp/inbe-plan9-build.119/build_plan9_generated_src_screens_habits_screen.i:65266] set and not used: label_w
warning: /sys/src/inbe/build/plan9/generated/src/screens/habits_screen.c:1667[/tmp/inbe-plan9-build.119/build_plan9_generated_src_screens_habits_screen.i:65267] set and not used: cell
warning: /sys/src/inbe/build/plan9/generated/src/screens/habits_screen.c:1671[/tmp/inbe-plan9-build.119/build_plan9_generated_src_screens_habits_screen.i:65271] set and not used: grid_total_w
warning: /sys/src/inbe/build/plan9/generated/src/screens/habits_screen.c:1672[/tmp/inbe-plan9-build.119/build_plan9_generated_src_screens_habits_screen.i:65272] set and not used: total_columns
warning: /sys/src/inbe/build/plan9/generated/src/screens/habits_screen.c:1674[/tmp/inbe-plan9-build.119/build_plan9_generated_src_screens_habits_screen.i:65274] set and not used: y
warning: /sys/src/inbe/build/plan9/generated/src/screens/habits_screen.c:1716[/tmp/inbe-plan9-build.119/build_plan9_generated_src_screens_habits_screen.i:65316] set and not used: x
warning: /sys/src/inbe/build/plan9/generated/src/screens/habits_screen.c:1717[/tmp/inbe-plan9-build.119/build_plan9_generated_src_screens_habits_screen.i:65317] set and not used: w
warning: /sys/src/inbe/build/plan9/generated/src/screens/habits_screen.c:1718[/tmp/inbe-plan9-build.119/build_plan9_generated_src_screens_habits_screen.i:65318] set and not used: y
warning: /sys/src/inbe/build/plan9/generated/src/screens/habits_screen.c:1726[/tmp/inbe-plan9-build.119/build_plan9_generated_src_screens_habits_screen.i:65326] set and not used: count
warning: /sys/src/inbe/build/plan9/generated/src/screens/habits_screen.c:1864[/tmp/inbe-plan9-build.119/build_plan9_generated_src_screens_habits_screen.i:65464] set and not used: completed
warning: /sys/src/inbe/build/plan9/generated/src/screens/habits_screen.c:1898[/tmp/inbe-plan9-build.119/build_plan9_generated_src_screens_habits_screen.i:65498] set and not used: label_w
warning: /sys/src/inbe/build/plan9/generated/src/screens/habits_screen.c:1899[/tmp/inbe-plan9-build.119/build_plan9_generated_src_screens_habits_screen.i:65499] set and not used: cell
warning: /sys/src/inbe/build/plan9/generated/src/screens/habits_screen.c:1902[/tmp/inbe-plan9-build.119/build_plan9_generated_src_screens_habits_screen.i:65502] set and not used: grid_total_w
warning: /sys/src/inbe/build/plan9/generated/src/screens/habits_screen.c:1903[/tmp/inbe-plan9-build.119/build_plan9_generated_src_screens_habits_screen.i:65503] set and not used: overview_x
warning: /sys/src/inbe/build/plan9/generated/src/screens/habits_screen.c:1904[/tmp/inbe-plan9-build.119/build_plan9_generated_src_screens_habits_screen.i:65504] set and not used: grid_x
warning: /sys/src/inbe/build/plan9/generated/src/screens/habits_screen.c:1905[/tmp/inbe-plan9-build.119/build_plan9_generated_src_screens_habits_screen.i:65505] set and not used: grid_y
warning: /sys/src/inbe/build/plan9/generated/src/screens/habits_screen.c:1906[/tmp/inbe-plan9-build.119/build_plan9_generated_src_screens_habits_screen.i:65506] set and not used: day_columns
warning: /sys/src/inbe/build/plan9/generated/src/screens/habits_screen.c:1907[/tmp/inbe-plan9-build.119/build_plan9_generated_src_screens_habits_screen.i:65507] set and not used: total_columns
warning: /sys/src/inbe/build/plan9/generated/src/screens/habits_screen.c:1934[/tmp/inbe-plan9-build.119/build_plan9_generated_src_screens_habits_screen.i:65534] set and not used: inside
warning: /sys/src/inbe/build/plan9/generated/src/screens/habits_screen.c:1959[/tmp/inbe-plan9-build.119/build_plan9_generated_src_screens_habits_screen.i:65559] set and not used: content_bottom
warning: /sys/src/inbe/build/plan9/generated/src/screens/habits_screen.c:1961[/tmp/inbe-plan9-build.119/build_plan9_generated_src_screens_habits_screen.i:65561] set and not used: content_x
warning: /sys/src/inbe/build/plan9/generated/src/screens/habits_screen.c:1962[/tmp/inbe-plan9-build.119/build_plan9_generated_src_screens_habits_screen.i:65562] set and not used: content_w
warning: /sys/src/inbe/build/plan9/generated/src/screens/habits_screen.c:1963[/tmp/inbe-plan9-build.119/build_plan9_generated_src_screens_habits_screen.i:65563] set and not used: y
warning: /sys/src/inbe/build/plan9/generated/src/screens/habits_screen.c:1968[/tmp/inbe-plan9-build.119/build_plan9_generated_src_screens_habits_screen.i:65568] set and not used: half_w
warning: /sys/src/inbe/build/plan9/generated/src/screens/habits_screen.c:1971[/tmp/inbe-plan9-build.119/build_plan9_generated_src_screens_habits_screen.i:65571] set and not used: done_count
warning: /sys/src/inbe/build/plan9/generated/src/screens/habits_screen.c:1973[/tmp/inbe-plan9-build.119/build_plan9_generated_src_screens_habits_screen.i:65573] set and not used: label_w
warning: /sys/src/inbe/build/plan9/generated/src/screens/habits_screen.c:1977[/tmp/inbe-plan9-build.119/build_plan9_generated_src_screens_habits_screen.i:65577] set and not used: cell
warning: /sys/src/inbe/build/plan9/generated/src/screens/habits_screen.c:1978[/tmp/inbe-plan9-build.119/build_plan9_generated_src_screens_habits_screen.i:65578] set and not used: grid_total_w
warning: /sys/src/inbe/build/plan9/generated/src/screens/habits_screen.c:1979[/tmp/inbe-plan9-build.119/build_plan9_generated_src_screens_habits_screen.i:65579] set and not used: overview_x
warning: /sys/src/inbe/build/plan9/generated/src/screens/habits_screen.c:1980[/tmp/inbe-plan9-build.119/build_plan9_generated_src_screens_habits_screen.i:65580] set and not used: grid_x
warning: /sys/src/inbe/build/plan9/generated/src/screens/habits_screen.c:1981[/tmp/inbe-plan9-build.119/build_plan9_generated_src_screens_habits_screen.i:65581] set and not used: grid_y
warning: /sys/src/inbe/build/plan9/generated/src/screens/habits_screen.c:1983[/tmp/inbe-plan9-build.119/build_plan9_generated_src_screens_habits_screen.i:65583] set and not used: day_columns
warning: /sys/src/inbe/build/plan9/generated/src/screens/habits_screen.c:1984[/tmp/inbe-plan9-build.119/build_plan9_generated_src_screens_habits_screen.i:65584] set and not used: total_columns
warning: /sys/src/inbe/build/plan9/generated/src/screens/habits_screen.c:2039[/tmp/inbe-plan9-build.119/build_plan9_generated_src_screens_habits_screen.i:65639] set and not used: text_w
warning: /sys/src/inbe/build/plan9/generated/src/screens/habits_screen.c:2365[/tmp/inbe-plan9-build.119/build_plan9_generated_src_screens_habits_screen.i:65965] result of operation not used
warning: /sys/src/inbe/build/plan9/generated/src/screens/habits_screen.c:2379[/tmp/inbe-plan9-build.119/build_plan9_generated_src_screens_habits_screen.i:65979] set and not used: count_w
warning: /sys/src/inbe/build/plan9/generated/src/screens/habits_screen.c:2399[/tmp/inbe-plan9-build.119/build_plan9_generated_src_screens_habits_screen.i:65999] set and not used: inside
warning: /sys/src/inbe/build/plan9/generated/src/screens/habits_screen.c:2400[/tmp/inbe-plan9-build.119/build_plan9_generated_src_screens_habits_screen.i:66000] set and not used: hovered
warning: /sys/src/inbe/build/plan9/generated/src/screens/habits_screen.c:2405[/tmp/inbe-plan9-build.119/build_plan9_generated_src_screens_habits_screen.i:66005] set and not used: text_w
warning: /sys/src/inbe/build/plan9/generated/src/screens/habits_screen.c:2467[/tmp/inbe-plan9-build.119/build_plan9_generated_src_screens_habits_screen.i:66067] set and not used: font_size
warning: /sys/src/inbe/build/plan9/generated/src/screens/habits_screen.c:2540[/tmp/inbe-plan9-build.119/build_plan9_generated_src_screens_habits_screen.i:66140] set and not used: active
warning: /sys/src/inbe/build/plan9/generated/src/screens/habits_screen.c:2541[/tmp/inbe-plan9-build.119/build_plan9_generated_src_screens_habits_screen.i:66141] set and not used: hovered
warning: /sys/src/inbe/build/plan9/generated/src/screens/habits_screen.c:2545[/tmp/inbe-plan9-build.119/build_plan9_generated_src_screens_habits_screen.i:66145] set and not used: text_x
warning: /sys/src/inbe/build/plan9/generated/src/screens/habits_screen.c:2546[/tmp/inbe-plan9-build.119/build_plan9_generated_src_screens_habits_screen.i:66146] set and not used: text_w
warning: /sys/src/inbe/build/plan9/generated/src/screens/habits_screen.c:2638[/tmp/inbe-plan9-build.119/build_plan9_generated_src_screens_habits_screen.i:66238] set and not used: button_x
warning: /sys/src/inbe/build/plan9/generated/src/screens/habits_screen.c:2639[/tmp/inbe-plan9-build.119/build_plan9_generated_src_screens_habits_screen.i:66239] set and not used: button_w
warning: /sys/src/inbe/build/plan9/generated/src/screens/habits_screen.c:2682[/tmp/inbe-plan9-build.119/build_plan9_generated_src_screens_habits_screen.i:66282] set and not used: day_index
warning: /sys/src/inbe/build/plan9/generated/src/screens/habits_screen.c:2683[/tmp/inbe-plan9-build.119/build_plan9_generated_src_screens_habits_screen.i:66283] set and not used: completed
warning: /sys/src/inbe/build/plan9/generated/src/screens/habits_screen.c:2684[/tmp/inbe-plan9-build.119/build_plan9_generated_src_screens_habits_screen.i:66284] set and not used: has_linked_day
warning: /sys/src/inbe/build/plan9/generated/src/screens/habits_screen.c:2685[/tmp/inbe-plan9-build.119/build_plan9_generated_src_screens_habits_screen.i:66285] set and not used: future_day
warning: /sys/src/inbe/build/plan9/generated/src/screens/habits_screen.c:2688[/tmp/inbe-plan9-build.119/build_plan9_generated_src_screens_habits_screen.i:66288] set and not used: counting_enabled
warning: /sys/src/inbe/build/plan9/generated/src/screens/habits_screen.c:2689[/tmp/inbe-plan9-build.119/build_plan9_generated_src_screens_habits_screen.i:66289] set and not used: minimum_count
warning: /sys/src/inbe/build/plan9/generated/src/screens/habits_screen.c:2692[/tmp/inbe-plan9-build.119/build_plan9_generated_src_screens_habits_screen.i:66292] set and not used: session_count
warning: /sys/src/inbe/build/plan9/generated/src/screens/habits_screen.c:2799[/tmp/inbe-plan9-build.119/build_plan9_generated_src_screens_habits_screen.i:66399] set and not used: count_w
warning: /sys/src/inbe/build/plan9/generated/src/screens/habits_screen.c:2842[/tmp/inbe-plan9-build.119/build_plan9_generated_src_screens_habits_screen.i:66442] set and not used: content_top
warning: /sys/src/inbe/build/plan9/generated/src/screens/habits_screen.c:2843[/tmp/inbe-plan9-build.119/build_plan9_generated_src_screens_habits_screen.i:66443] set and not used: content_bottom
warning: /sys/src/inbe/build/plan9/generated/src/screens/habits_screen.c:2846[/tmp/inbe-plan9-build.119/build_plan9_generated_src_screens_habits_screen.i:66446] set and not used: y
warning: /sys/src/inbe/build/plan9/generated/src/screens/habits_screen.c:2847[/tmp/inbe-plan9-build.119/build_plan9_generated_src_screens_habits_screen.i:66447] set and not used: viewport_h
warning: /sys/src/inbe/build/plan9/generated/src/screens/habits_screen.c:2853[/tmp/inbe-plan9-build.119/build_plan9_generated_src_screens_habits_screen.i:66453] set and not used: selected
warning: /sys/src/inbe/build/plan9/generated/src/screens/habits_screen.c:2854[/tmp/inbe-plan9-build.119/build_plan9_generated_src_screens_habits_screen.i:66454] set and not used: active
warning: /sys/src/inbe/build/plan9/generated/src/screens/habits_screen.c:2856[/tmp/inbe-plan9-build.119/build_plan9_generated_src_screens_habits_screen.i:66456] set and not used: month_local
warning: /sys/src/inbe/build/plan9/generated/src/screens/habits_screen.c:2860[/tmp/inbe-plan9-build.119/build_plan9_generated_src_screens_habits_screen.i:66460] set and not used: year
warning: /sys/src/inbe/build/plan9/generated/src/screens/habits_screen.c:2861[/tmp/inbe-plan9-build.119/build_plan9_generated_src_screens_habits_screen.i:66461] set and not used: mon
warning: /sys/src/inbe/build/plan9/generated/src/screens/habits_screen.c:2862[/tmp/inbe-plan9-build.119/build_plan9_generated_src_screens_habits_screen.i:66462] set and not used: first_wday
warning: /sys/src/inbe/build/plan9/generated/src/screens/habits_screen.c:2863[/tmp/inbe-plan9-build.119/build_plan9_generated_src_screens_habits_screen.i:66463] set and not used: days_in_month
warning: /sys/src/inbe/build/plan9/generated/src/screens/habits_screen.c:2865[/tmp/inbe-plan9-build.119/build_plan9_generated_src_screens_habits_screen.i:66465] set and not used: cell_w
warning: /sys/src/inbe/build/plan9/generated/src/screens/habits_screen.c:2866[/tmp/inbe-plan9-build.119/build_plan9_generated_src_screens_habits_screen.i:66466] set and not used: cell_h
warning: /sys/src/inbe/build/plan9/generated/src/screens/habits_screen.c:2867[/tmp/inbe-plan9-build.119/build_plan9_generated_src_screens_habits_screen.i:66467] set and not used: grid_x
warning: /sys/src/inbe/build/plan9/generated/src/screens/habits_screen.c:2868[/tmp/inbe-plan9-build.119/build_plan9_generated_src_screens_habits_screen.i:66468] set and not used: grid_y
warning: /sys/src/inbe/build/plan9/generated/src/screens/habits_screen.c:2870[/tmp/inbe-plan9-build.119/build_plan9_generated_src_screens_habits_screen.i:66470] set and not used: active_is_linked
warning: /sys/src/inbe/build/plan9/generated/src/screens/habits_screen.c:2871[/tmp/inbe-plan9-build.119/build_plan9_generated_src_screens_habits_screen.i:66471] set and not used: forward_disabled
warning: /sys/src/inbe/build/plan9/generated/src/screens/habits_screen.c:2872[/tmp/inbe-plan9-build.119/build_plan9_generated_src_screens_habits_screen.i:66472] set and not used: scroll_y
warning: /sys/src/inbe/build/plan9/generated/src/screens/habits_screen.c:2873[/tmp/inbe-plan9-build.119/build_plan9_generated_src_screens_habits_screen.i:66473] set and not used: scroll_h
warning: /sys/src/inbe/build/plan9/generated/src/screens/habits_screen.c:2875[/tmp/inbe-plan9-build.119/build_plan9_generated_src_screens_habits_screen.i:66475] set and not used: cell_clicked
warning: /sys/src/inbe/build/plan9/generated/src/screens/habits_screen.c:2878[/tmp/inbe-plan9-build.119/build_plan9_generated_src_screens_habits_screen.i:66478] set and not used: weekly_days
warning: /sys/src/inbe/build/plan9/generated/src/screens/habits_screen.c:2892[/tmp/inbe-plan9-build.119/build_plan9_generated_src_screens_habits_screen.i:66492] set and not used: y
warning: /sys/src/inbe/build/plan9/generated/src/screens/habits_screen.c:3109[/tmp/inbe-plan9-build.119/build_plan9_generated_src_screens_habits_screen.i:66709] set and not used: day_index
warning: /sys/src/inbe/build/plan9/generated/src/screens/habits_screen.c:3110[/tmp/inbe-plan9-build.119/build_plan9_generated_src_screens_habits_screen.i:66710] set and not used: completed
warning: /sys/src/inbe/build/plan9/generated/src/screens/habits_screen.c:3111[/tmp/inbe-plan9-build.119/build_plan9_generated_src_screens_habits_screen.i:66711] set and not used: future_day
warning: /sys/src/inbe/build/plan9/generated/src/screens/habits_screen.c:3112[/tmp/inbe-plan9-build.119/build_plan9_generated_src_screens_habits_screen.i:66712] set and not used: has_linked_day
warning: /sys/src/inbe/build/plan9/generated/src/screens/habits_screen.c:3115[/tmp/inbe-plan9-build.119/build_plan9_generated_src_screens_habits_screen.i:66715] set and not used: counting_enabled
warning: /sys/src/inbe/build/plan9/generated/src/screens/habits_screen.c:3116[/tmp/inbe-plan9-build.119/build_plan9_generated_src_screens_habits_screen.i:66716] set and not used: minimum_count
cpp build/plan9/generated/src/screens/language_screen.c
8c build/plan9/generated/src/screens/language_screen.c
warning: /sys/src/inbe/build/plan9/generated/src/screens/language_screen.c:15[/tmp/inbe-plan9-build.119/build_plan9_generated_src_screens_language_screen.i:56978] set and not used: title_font
warning: /sys/src/inbe/build/plan9/generated/src/screens/language_screen.c:17[/tmp/inbe-plan9-build.119/build_plan9_generated_src_screens_language_screen.i:56980] set and not used: title_w
warning: /sys/src/inbe/build/plan9/generated/src/screens/language_screen.c:21[/tmp/inbe-plan9-build.119/build_plan9_generated_src_screens_language_screen.i:56984] set and not used: dropdown_w
warning: /sys/src/inbe/build/plan9/generated/src/screens/language_screen.c:22[/tmp/inbe-plan9-build.119/build_plan9_generated_src_screens_language_screen.i:56985] set and not used: dropdown_x
warning: /sys/src/inbe/build/plan9/generated/src/screens/language_screen.c:23[/tmp/inbe-plan9-build.119/build_plan9_generated_src_screens_language_screen.i:56986] set and not used: dropdown_y
warning: /sys/src/inbe/build/plan9/generated/src/screens/language_screen.c:24[/tmp/inbe-plan9-build.119/build_plan9_generated_src_screens_language_screen.i:56987] set and not used: button_x
warning: /sys/src/inbe/build/plan9/generated/src/screens/language_screen.c:25[/tmp/inbe-plan9-build.119/build_plan9_generated_src_screens_language_screen.i:56988] set and not used: button_y
cpp build/plan9/generated/src/screens/manual_screen.c
8c build/plan9/generated/src/screens/manual_screen.c
cpp build/plan9/generated/src/screens/practice_screen.c
8c build/plan9/generated/src/screens/practice_screen.c
warning: /sys/src/inbe/build/plan9/generated/src/screens/practice_screen.c:34[/tmp/inbe-plan9-build.119/build_plan9_generated_src_screens_practice_screen.i:59533] result of operation not used
warning: /sys/src/inbe/build/plan9/generated/src/screens/practice_screen.c:34[/tmp/inbe-plan9-build.119/build_plan9_generated_src_screens_practice_screen.i:59533] result of operation not used
warning: /sys/src/inbe/build/plan9/generated/src/screens/practice_screen.c:41[/tmp/inbe-plan9-build.119/build_plan9_generated_src_screens_practice_screen.i:59540] result of operation not used
warning: /sys/src/inbe/build/plan9/generated/src/screens/practice_screen.c:41[/tmp/inbe-plan9-build.119/build_plan9_generated_src_screens_practice_screen.i:59540] result of operation not used
warning: /sys/src/inbe/build/plan9/generated/src/screens/practice_screen.c:98[/tmp/inbe-plan9-build.119/build_plan9_generated_src_screens_practice_screen.i:59597] set and not used: title_h
warning: /sys/src/inbe/build/plan9/generated/src/screens/practice_screen.c:210[/tmp/inbe-plan9-build.119/build_plan9_generated_src_screens_practice_screen.i:59709] unreachable code RETURN
warning: /sys/src/inbe/build/plan9/generated/src/screens/practice_screen.c:216[/tmp/inbe-plan9-build.119/build_plan9_generated_src_screens_practice_screen.i:59715] result of operation not used
warning: /sys/src/inbe/build/plan9/generated/src/screens/practice_screen.c:216[/tmp/inbe-plan9-build.119/build_plan9_generated_src_screens_practice_screen.i:59715] result of operation not used
warning: /sys/src/inbe/build/plan9/generated/src/screens/practice_screen.c:223[/tmp/inbe-plan9-build.119/build_plan9_generated_src_screens_practice_screen.i:59722] result of operation not used
warning: /sys/src/inbe/build/plan9/generated/src/screens/practice_screen.c:223[/tmp/inbe-plan9-build.119/build_plan9_generated_src_screens_practice_screen.i:59722] result of operation not used
warning: /sys/src/inbe/build/plan9/generated/src/screens/practice_screen.c:279[/tmp/inbe-plan9-build.119/build_plan9_generated_src_screens_practice_screen.i:59778] set and not used: active_index
warning: /sys/src/inbe/build/plan9/generated/src/screens/practice_screen.c:284[/tmp/inbe-plan9-build.119/build_plan9_generated_src_screens_practice_screen.i:59783] set and not used: total_w
warning: /sys/src/inbe/build/plan9/generated/src/screens/practice_screen.c:285[/tmp/inbe-plan9-build.119/build_plan9_generated_src_screens_practice_screen.i:59784] set and not used: start_x
warning: /sys/src/inbe/build/plan9/generated/src/screens/practice_screen.c:286[/tmp/inbe-plan9-build.119/build_plan9_generated_src_screens_practice_screen.i:59785] set and not used: center_y
warning: /sys/src/inbe/build/plan9/generated/src/screens/practice_screen.c:432[/tmp/inbe-plan9-build.119/build_plan9_generated_src_screens_practice_screen.i:59931] param declared and not used: exercise
warning: /sys/src/inbe/build/plan9/generated/src/screens/practice_screen.c:515[/tmp/inbe-plan9-build.119/build_plan9_generated_src_screens_practice_screen.i:60014] set and not used: title_font
warning: /sys/src/inbe/build/plan9/generated/src/screens/practice_screen.c:516[/tmp/inbe-plan9-build.119/build_plan9_generated_src_screens_practice_screen.i:60015] set and not used: title_w
warning: /sys/src/inbe/build/plan9/generated/src/screens/practice_screen.c:517[/tmp/inbe-plan9-build.119/build_plan9_generated_src_screens_practice_screen.i:60016] set and not used: metadata_font
warning: /sys/src/inbe/build/plan9/generated/src/screens/practice_screen.c:518[/tmp/inbe-plan9-build.119/build_plan9_generated_src_screens_practice_screen.i:60017] set and not used: metadata_w
warning: /sys/src/inbe/build/plan9/generated/src/screens/practice_screen.c:549[/tmp/inbe-plan9-build.119/build_plan9_generated_src_screens_practice_screen.i:60048] set and not used: half_w
warning: /sys/src/inbe/build/plan9/generated/src/screens/practice_screen.c:550[/tmp/inbe-plan9-build.119/build_plan9_generated_src_screens_practice_screen.i:60049] set and not used: available_w
warning: /sys/src/inbe/build/plan9/generated/src/screens/practice_screen.c:685[/tmp/inbe-plan9-build.119/build_plan9_generated_src_screens_practice_screen.i:60184] set and not used: clicked
warning: /sys/src/inbe/build/plan9/generated/src/screens/practice_screen.c:1029[/tmp/inbe-plan9-build.119/build_plan9_generated_src_screens_practice_screen.i:60528] auto declared and not used: hover
warning: /sys/src/inbe/build/plan9/generated/src/screens/practice_screen.c:1014[/tmp/inbe-plan9-build.119/build_plan9_generated_src_screens_practice_screen.i:60513] set and not used: practice
warning: /sys/src/inbe/build/plan9/generated/src/screens/practice_screen.c:1015[/tmp/inbe-plan9-build.119/build_plan9_generated_src_screens_practice_screen.i:60514] set and not used: scroll_y
warning: /sys/src/inbe/build/plan9/generated/src/screens/practice_screen.c:1016[/tmp/inbe-plan9-build.119/build_plan9_generated_src_screens_practice_screen.i:60515] set and not used: scroll_h
warning: /sys/src/inbe/build/plan9/generated/src/screens/practice_screen.c:1017[/tmp/inbe-plan9-build.119/build_plan9_generated_src_screens_practice_screen.i:60516] set and not used: bottom_reserved
warning: /sys/src/inbe/build/plan9/generated/src/screens/practice_screen.c:1021[/tmp/inbe-plan9-build.119/build_plan9_generated_src_screens_practice_screen.i:60520] set and not used: content_w
warning: /sys/src/inbe/build/plan9/generated/src/screens/practice_screen.c:1022[/tmp/inbe-plan9-build.119/build_plan9_generated_src_screens_practice_screen.i:60521] set and not used: x
warning: /sys/src/inbe/build/plan9/generated/src/screens/practice_screen.c:1023[/tmp/inbe-plan9-build.119/build_plan9_generated_src_screens_practice_screen.i:60522] set and not used: y
warning: /sys/src/inbe/build/plan9/generated/src/screens/practice_screen.c:1024[/tmp/inbe-plan9-build.119/build_plan9_generated_src_screens_practice_screen.i:60523] set and not used: layout_y
warning: /sys/src/inbe/build/plan9/generated/src/screens/practice_screen.c:1025[/tmp/inbe-plan9-build.119/build_plan9_generated_src_screens_practice_screen.i:60524] set and not used: card_w
warning: /sys/src/inbe/build/plan9/generated/src/screens/practice_screen.c:1026[/tmp/inbe-plan9-build.119/build_plan9_generated_src_screens_practice_screen.i:60525] set and not used: card_h
warning: /sys/src/inbe/build/plan9/generated/src/screens/practice_screen.c:1029[/tmp/inbe-plan9-build.119/build_plan9_generated_src_screens_practice_screen.i:60528] set and not used: hover
warning: /sys/src/inbe/build/plan9/generated/src/screens/practice_screen.c:1030[/tmp/inbe-plan9-build.119/build_plan9_generated_src_screens_practice_screen.i:60529] set and not used: carousel_count
warning: /sys/src/inbe/build/plan9/generated/src/screens/practice_screen.c:1031[/tmp/inbe-plan9-build.119/build_plan9_generated_src_screens_practice_screen.i:60530] set and not used: row_gap
warning: /sys/src/inbe/build/plan9/generated/src/screens/practice_screen.c:1154[/tmp/inbe-plan9-build.119/build_plan9_generated_src_screens_practice_screen.i:60653] set and not used: y
warning: /sys/src/inbe/build/plan9/generated/src/screens/practice_screen.c:1186[/tmp/inbe-plan9-build.119/build_plan9_generated_src_screens_practice_screen.i:60685] set and not used: y
cpp build/plan9/generated/src/screens/profile_screen.c
8c build/plan9/generated/src/screens/profile_screen.c
warning: /sys/src/inbe/src/app/text_utils.h:23[/tmp/inbe-plan9-build.119/build_plan9_generated_src_screens_profile_screen.i:57062] set and not used: cut
warning: /sys/src/inbe/src/app/text_utils.h:58[/tmp/inbe-plan9-build.119/build_plan9_generated_src_screens_profile_screen.i:57097] set and not used: truncated
warning: /sys/src/inbe/build/plan9/generated/src/screens/profile_screen.c:128[/tmp/inbe-plan9-build.119/build_plan9_generated_src_screens_profile_screen.i:77737] set and not used: alias
warning: /sys/src/inbe/build/plan9/generated/src/screens/profile_screen.c:323[/tmp/inbe-plan9-build.119/build_plan9_generated_src_screens_profile_screen.i:77932] set and not used: value_w
warning: /sys/src/inbe/build/plan9/generated/src/screens/profile_screen.c:519[/tmp/inbe-plan9-build.119/build_plan9_generated_src_screens_profile_screen.i:78128] set and not used: modal_result
warning: /sys/src/inbe/build/plan9/generated/src/screens/profile_screen.c:709[/tmp/inbe-plan9-build.119/build_plan9_generated_src_screens_profile_screen.i:78318] result of operation not used
cpp build/plan9/generated/src/screens/profile_social.c
8c build/plan9/generated/src/screens/profile_social.c
warning: /sys/src/inbe/src/app/text_utils.h:23[/tmp/inbe-plan9-build.119/build_plan9_generated_src_screens_profile_social.i:61939] set and not used: cut
warning: /sys/src/inbe/src/app/text_utils.h:58[/tmp/inbe-plan9-build.119/build_plan9_generated_src_screens_profile_social.i:61974] set and not used: truncated
warning: /sys/src/inbe/build/plan9/generated/src/screens/profile_social.c:56[/tmp/inbe-plan9-build.119/build_plan9_generated_src_screens_profile_social.i:76525] result of operation not used
warning: /sys/src/inbe/build/plan9/generated/src/screens/profile_social.c:56[/tmp/inbe-plan9-build.119/build_plan9_generated_src_screens_profile_social.i:76525] result of operation not used
warning: /sys/src/inbe/build/plan9/generated/src/screens/profile_social.c:295[/tmp/inbe-plan9-build.119/build_plan9_generated_src_screens_profile_social.i:76764] set and not used: count
warning: /sys/src/inbe/build/plan9/generated/src/screens/profile_social.c:428[/tmp/inbe-plan9-build.119/build_plan9_generated_src_screens_profile_social.i:76897] set and not used: incoming_count
warning: /sys/src/inbe/build/plan9/generated/src/screens/profile_social.c:429[/tmp/inbe-plan9-build.119/build_plan9_generated_src_screens_profile_social.i:76898] set and not used: outgoing_count
warning: /sys/src/inbe/build/plan9/generated/src/screens/profile_social.c:530[/tmp/inbe-plan9-build.119/build_plan9_generated_src_screens_profile_social.i:76999] result of operation not used
warning: /sys/src/inbe/build/plan9/generated/src/screens/profile_social.c:530[/tmp/inbe-plan9-build.119/build_plan9_generated_src_screens_profile_social.i:76999] result of operation not used
warning: /sys/src/inbe/build/plan9/generated/src/screens/profile_social.c:527[/tmp/inbe-plan9-build.119/build_plan9_generated_src_screens_profile_social.i:76996] set and not used: incoming_count
warning: /sys/src/inbe/build/plan9/generated/src/screens/profile_social.c:528[/tmp/inbe-plan9-build.119/build_plan9_generated_src_screens_profile_social.i:76997] set and not used: outgoing_count
warning: /sys/src/inbe/build/plan9/generated/src/screens/profile_social.c:529[/tmp/inbe-plan9-build.119/build_plan9_generated_src_screens_profile_social.i:76998] set and not used: friends
warning: /sys/src/inbe/build/plan9/generated/src/screens/profile_social.c:637[/tmp/inbe-plan9-build.119/build_plan9_generated_src_screens_profile_social.i:77106] set and not used: friend_count
warning: /sys/src/inbe/build/plan9/generated/src/screens/profile_social.c:718[/tmp/inbe-plan9-build.119/build_plan9_generated_src_screens_profile_social.i:77187] set and not used: cache_rows
warning: /sys/src/inbe/build/plan9/generated/src/screens/profile_social.c:1059[/tmp/inbe-plan9-build.119/build_plan9_generated_src_screens_profile_social.i:77528] result of operation not used
warning: /sys/src/inbe/build/plan9/generated/src/screens/profile_social.c:1059[/tmp/inbe-plan9-build.119/build_plan9_generated_src_screens_profile_social.i:77528] result of operation not used
warning: /sys/src/inbe/build/plan9/generated/src/screens/profile_social.c:1058[/tmp/inbe-plan9-build.119/build_plan9_generated_src_screens_profile_social.i:77527] set and not used: rows
warning: /sys/src/inbe/build/plan9/generated/src/screens/profile_social.c:1109[/tmp/inbe-plan9-build.119/build_plan9_generated_src_screens_profile_social.i:77578] set and not used: btn_w
warning: /sys/src/inbe/build/plan9/generated/src/screens/profile_social.c:1152[/tmp/inbe-plan9-build.119/build_plan9_generated_src_screens_profile_social.i:77621] auto declared and not used: before_metric
warning: /sys/src/inbe/build/plan9/generated/src/screens/profile_social.c:1150[/tmp/inbe-plan9-build.119/build_plan9_generated_src_screens_profile_social.i:77619] set and not used: current_metric_count
warning: /sys/src/inbe/build/plan9/generated/src/screens/profile_social.c:1151[/tmp/inbe-plan9-build.119/build_plan9_generated_src_screens_profile_social.i:77620] set and not used: before_practice
warning: /sys/src/inbe/build/plan9/generated/src/screens/profile_social.c:1152[/tmp/inbe-plan9-build.119/build_plan9_generated_src_screens_profile_social.i:77621] set and not used: before_metric
cpp build/plan9/generated/src/screens/settings/settings_about.c
8c build/plan9/generated/src/screens/settings/settings_about.c
warning: /sys/src/inbe/build/plan9/generated/src/screens/settings/settings_about.c:115[/tmp/inbe-plan9-build.119/build_plan9_generated_src_screens_settings_settings_about.i:57143] set and not used: text_w
cpp build/plan9/generated/src/screens/settings/settings_audio.c
8c build/plan9/generated/src/screens/settings/settings_audio.c
warning: /sys/src/inbe/src/app/text_utils.h:23[/tmp/inbe-plan9-build.119/build_plan9_generated_src_screens_settings_settings_audio.i:76315] set and not used: cut
warning: /sys/src/inbe/src/app/text_utils.h:58[/tmp/inbe-plan9-build.119/build_plan9_generated_src_screens_settings_settings_audio.i:76350] set and not used: truncated
warning: /sys/src/inbe/build/plan9/generated/src/screens/settings/settings_audio.c:150[/tmp/inbe-plan9-build.119/build_plan9_generated_src_screens_settings_settings_audio.i:76619] param declared and not used: practice
warning: /sys/src/inbe/build/plan9/generated/src/screens/settings/settings_audio.c:163[/tmp/inbe-plan9-build.119/build_plan9_generated_src_screens_settings_settings_audio.i:76632] result of operation not used
warning: /sys/src/inbe/build/plan9/generated/src/screens/settings/settings_audio.c:163[/tmp/inbe-plan9-build.119/build_plan9_generated_src_screens_settings_settings_audio.i:76632] result of operation not used
warning: /sys/src/inbe/build/plan9/generated/src/screens/settings/settings_audio.c:164[/tmp/inbe-plan9-build.119/build_plan9_generated_src_screens_settings_settings_audio.i:76633] result of operation not used
warning: /sys/src/inbe/build/plan9/generated/src/screens/settings/settings_audio.c:164[/tmp/inbe-plan9-build.119/build_plan9_generated_src_screens_settings_settings_audio.i:76633] result of operation not used
warning: /sys/src/inbe/build/plan9/generated/src/screens/settings/settings_audio.c:186[/tmp/inbe-plan9-build.119/build_plan9_generated_src_screens_settings_settings_audio.i:76655] result of operation not used
warning: /sys/src/inbe/build/plan9/generated/src/screens/settings/settings_audio.c:186[/tmp/inbe-plan9-build.119/build_plan9_generated_src_screens_settings_settings_audio.i:76655] result of operation not used
warning: /sys/src/inbe/build/plan9/generated/src/screens/settings/settings_audio.c:612[/tmp/inbe-plan9-build.119/build_plan9_generated_src_screens_settings_settings_audio.i:77081] result of operation not used
warning: /sys/src/inbe/build/plan9/generated/src/screens/settings/settings_audio.c:612[/tmp/inbe-plan9-build.119/build_plan9_generated_src_screens_settings_settings_audio.i:77081] result of operation not used
warning: /sys/src/inbe/build/plan9/generated/src/screens/settings/settings_audio.c:613[/tmp/inbe-plan9-build.119/build_plan9_generated_src_screens_settings_settings_audio.i:77082] result of operation not used
warning: /sys/src/inbe/build/plan9/generated/src/screens/settings/settings_audio.c:613[/tmp/inbe-plan9-build.119/build_plan9_generated_src_screens_settings_settings_audio.i:77082] result of operation not used
warning: /sys/src/inbe/build/plan9/generated/src/screens/settings/settings_audio.c:614[/tmp/inbe-plan9-build.119/build_plan9_generated_src_screens_settings_settings_audio.i:77083] result of operation not used
warning: /sys/src/inbe/build/plan9/generated/src/screens/settings/settings_audio.c:614[/tmp/inbe-plan9-build.119/build_plan9_generated_src_screens_settings_settings_audio.i:77083] result of operation not used
warning: /sys/src/inbe/build/plan9/generated/src/screens/settings/settings_audio.c:678[/tmp/inbe-plan9-build.119/build_plan9_generated_src_screens_settings_settings_audio.i:77147] result of operation not used
warning: /sys/src/inbe/build/plan9/generated/src/screens/settings/settings_audio.c:678[/tmp/inbe-plan9-build.119/build_plan9_generated_src_screens_settings_settings_audio.i:77147] result of operation not used
warning: /sys/src/inbe/build/plan9/generated/src/screens/settings/settings_audio.c:820[/tmp/inbe-plan9-build.119/build_plan9_generated_src_screens_settings_settings_audio.i:77289] auto declared and not used: button_id
warning: /sys/src/inbe/build/plan9/generated/src/screens/settings/settings_audio.c:820[/tmp/inbe-plan9-build.119/build_plan9_generated_src_screens_settings_settings_audio.i:77289] set and not used: button_id
warning: /sys/src/inbe/build/plan9/generated/src/screens/settings/settings_audio.c:905[/tmp/inbe-plan9-build.119/build_plan9_generated_src_screens_settings_settings_audio.i:77374] set and not used: label_w
warning: /sys/src/inbe/build/plan9/generated/src/screens/settings/settings_audio.c:1081[/tmp/inbe-plan9-build.119/build_plan9_generated_src_screens_settings_settings_audio.i:77550] set and not used: download_label
cpp build/plan9/generated/src/screens/settings/settings_breaks.c
8c build/plan9/generated/src/screens/settings/settings_breaks.c
warning: /sys/src/inbe/build/plan9/generated/src/screens/settings/settings_breaks.c:29[/tmp/inbe-plan9-build.119/build_plan9_generated_src_screens_settings_settings_breaks.i:65875] param declared and not used: app
warning: /sys/src/inbe/build/plan9/generated/src/screens/settings/settings_breaks.c:139[/tmp/inbe-plan9-build.119/build_plan9_generated_src_screens_settings_settings_breaks.i:65985] set and not used: header
warning: /sys/src/inbe/build/plan9/generated/src/screens/settings/settings_breaks.c:200[/tmp/inbe-plan9-build.119/build_plan9_generated_src_screens_settings_settings_breaks.i:66046] param declared and not used: w
warning: /sys/src/inbe/build/plan9/generated/src/screens/settings/settings_breaks.c:200[/tmp/inbe-plan9-build.119/build_plan9_generated_src_screens_settings_settings_breaks.i:66046] param declared and not used: app
warning: /sys/src/inbe/build/plan9/generated/src/screens/settings/settings_breaks.c:287[/tmp/inbe-plan9-build.119/build_plan9_generated_src_screens_settings_settings_breaks.i:66133] set and not used: button_w
cpp build/plan9/generated/src/screens/settings/settings_data_ui.c
8c build/plan9/generated/src/screens/settings/settings_data_ui.c
warning: /sys/src/inbe/src/app/text_utils.h:23[/tmp/inbe-plan9-build.119/build_plan9_generated_src_screens_settings_settings_data_ui.i:62061] set and not used: cut
warning: /sys/src/inbe/src/app/text_utils.h:58[/tmp/inbe-plan9-build.119/build_plan9_generated_src_screens_settings_settings_data_ui.i:62096] set and not used: truncated
warning: /sys/src/inbe/build/plan9/generated/src/screens/settings/settings_data_ui.c:101[/tmp/inbe-plan9-build.119/build_plan9_generated_src_screens_settings_settings_data_ui.i:76581] result of operation not used
warning: /sys/src/inbe/build/plan9/generated/src/screens/settings/settings_data_ui.c:101[/tmp/inbe-plan9-build.119/build_plan9_generated_src_screens_settings_settings_data_ui.i:76581] result of operation not used
warning: /sys/src/inbe/build/plan9/generated/src/screens/settings/settings_data_ui.c:102[/tmp/inbe-plan9-build.119/build_plan9_generated_src_screens_settings_settings_data_ui.i:76582] result of operation not used
warning: /sys/src/inbe/build/plan9/generated/src/screens/settings/settings_data_ui.c:102[/tmp/inbe-plan9-build.119/build_plan9_generated_src_screens_settings_settings_data_ui.i:76582] result of operation not used
warning: /sys/src/inbe/build/plan9/generated/src/screens/settings/settings_data_ui.c:125[/tmp/inbe-plan9-build.119/build_plan9_generated_src_screens_settings_settings_data_ui.i:76605] result of operation not used
warning: /sys/src/inbe/build/plan9/generated/src/screens/settings/settings_data_ui.c:125[/tmp/inbe-plan9-build.119/build_plan9_generated_src_screens_settings_settings_data_ui.i:76605] result of operation not used
warning: /sys/src/inbe/build/plan9/generated/src/screens/settings/settings_data_ui.c:150[/tmp/inbe-plan9-build.119/build_plan9_generated_src_screens_settings_settings_data_ui.i:76630] result of operation not used
warning: /sys/src/inbe/build/plan9/generated/src/screens/settings/settings_data_ui.c:150[/tmp/inbe-plan9-build.119/build_plan9_generated_src_screens_settings_settings_data_ui.i:76630] result of operation not used
warning: /sys/src/inbe/build/plan9/generated/src/screens/settings/settings_data_ui.c:151[/tmp/inbe-plan9-build.119/build_plan9_generated_src_screens_settings_settings_data_ui.i:76631] result of operation not used
warning: /sys/src/inbe/build/plan9/generated/src/screens/settings/settings_data_ui.c:151[/tmp/inbe-plan9-build.119/build_plan9_generated_src_screens_settings_settings_data_ui.i:76631] result of operation not used
warning: /sys/src/inbe/build/plan9/generated/src/screens/settings/settings_data_ui.c:152[/tmp/inbe-plan9-build.119/build_plan9_generated_src_screens_settings_settings_data_ui.i:76632] result of operation not used
warning: /sys/src/inbe/build/plan9/generated/src/screens/settings/settings_data_ui.c:152[/tmp/inbe-plan9-build.119/build_plan9_generated_src_screens_settings_settings_data_ui.i:76632] result of operation not used
warning: /sys/src/inbe/build/plan9/generated/src/screens/settings/settings_data_ui.c:153[/tmp/inbe-plan9-build.119/build_plan9_generated_src_screens_settings_settings_data_ui.i:76633] result of operation not used
warning: /sys/src/inbe/build/plan9/generated/src/screens/settings/settings_data_ui.c:153[/tmp/inbe-plan9-build.119/build_plan9_generated_src_screens_settings_settings_data_ui.i:76633] result of operation not used
warning: /sys/src/inbe/build/plan9/generated/src/screens/settings/settings_data_ui.c:338[/tmp/inbe-plan9-build.119/build_plan9_generated_src_screens_settings_settings_data_ui.i:76818] result of operation not used
warning: /sys/src/inbe/build/plan9/generated/src/screens/settings/settings_data_ui.c:338[/tmp/inbe-plan9-build.119/build_plan9_generated_src_screens_settings_settings_data_ui.i:76818] result of operation not used
warning: /sys/src/inbe/build/plan9/generated/src/screens/settings/settings_data_ui.c:339[/tmp/inbe-plan9-build.119/build_plan9_generated_src_screens_settings_settings_data_ui.i:76819] result of operation not used
warning: /sys/src/inbe/build/plan9/generated/src/screens/settings/settings_data_ui.c:339[/tmp/inbe-plan9-build.119/build_plan9_generated_src_screens_settings_settings_data_ui.i:76819] result of operation not used
warning: /sys/src/inbe/build/plan9/generated/src/screens/settings/settings_data_ui.c:362[/tmp/inbe-plan9-build.119/build_plan9_generated_src_screens_settings_settings_data_ui.i:76842] result of operation not used
warning: /sys/src/inbe/build/plan9/generated/src/screens/settings/settings_data_ui.c:362[/tmp/inbe-plan9-build.119/build_plan9_generated_src_screens_settings_settings_data_ui.i:76842] result of operation not used
warning: /sys/src/inbe/build/plan9/generated/src/screens/settings/settings_data_ui.c:411[/tmp/inbe-plan9-build.119/build_plan9_generated_src_screens_settings_settings_data_ui.i:76891] result of operation not used
warning: /sys/src/inbe/build/plan9/generated/src/screens/settings/settings_data_ui.c:411[/tmp/inbe-plan9-build.119/build_plan9_generated_src_screens_settings_settings_data_ui.i:76891] result of operation not used
warning: /sys/src/inbe/build/plan9/generated/src/screens/settings/settings_data_ui.c:420[/tmp/inbe-plan9-build.119/build_plan9_generated_src_screens_settings_settings_data_ui.i:76900] result of operation not used
warning: /sys/src/inbe/build/plan9/generated/src/screens/settings/settings_data_ui.c:420[/tmp/inbe-plan9-build.119/build_plan9_generated_src_screens_settings_settings_data_ui.i:76900] result of operation not used
warning: /sys/src/inbe/build/plan9/generated/src/screens/settings/settings_data_ui.c:495[/tmp/inbe-plan9-build.119/build_plan9_generated_src_screens_settings_settings_data_ui.i:76975] set and not used: row_y
warning: /sys/src/inbe/build/plan9/generated/src/screens/settings/settings_data_ui.c:496[/tmp/inbe-plan9-build.119/build_plan9_generated_src_screens_settings_settings_data_ui.i:76976] set and not used: left_w
warning: /sys/src/inbe/build/plan9/generated/src/screens/settings/settings_data_ui.c:613[/tmp/inbe-plan9-build.119/build_plan9_generated_src_screens_settings_settings_data_ui.i:77093] result of operation not used
warning: /sys/src/inbe/build/plan9/generated/src/screens/settings/settings_data_ui.c:613[/tmp/inbe-plan9-build.119/build_plan9_generated_src_screens_settings_settings_data_ui.i:77093] result of operation not used
warning: /sys/src/inbe/build/plan9/generated/src/screens/settings/settings_data_ui.c:676[/tmp/inbe-plan9-build.119/build_plan9_generated_src_screens_settings_settings_data_ui.i:77156] result of operation not used
warning: /sys/src/inbe/build/plan9/generated/src/screens/settings/settings_data_ui.c:676[/tmp/inbe-plan9-build.119/build_plan9_generated_src_screens_settings_settings_data_ui.i:77156] result of operation not used
warning: /sys/src/inbe/build/plan9/generated/src/screens/settings/settings_data_ui.c:734[/tmp/inbe-plan9-build.119/build_plan9_generated_src_screens_settings_settings_data_ui.i:77214] result of operation not used
warning: /sys/src/inbe/build/plan9/generated/src/screens/settings/settings_data_ui.c:734[/tmp/inbe-plan9-build.119/build_plan9_generated_src_screens_settings_settings_data_ui.i:77214] result of operation not used
warning: /sys/src/inbe/build/plan9/generated/src/screens/settings/settings_data_ui.c:829[/tmp/inbe-plan9-build.119/build_plan9_generated_src_screens_settings_settings_data_ui.i:77309] result of operation not used
warning: /sys/src/inbe/build/plan9/generated/src/screens/settings/settings_data_ui.c:829[/tmp/inbe-plan9-build.119/build_plan9_generated_src_screens_settings_settings_data_ui.i:77309] result of operation not used
warning: /sys/src/inbe/build/plan9/generated/src/screens/settings/settings_data_ui.c:912[/tmp/inbe-plan9-build.119/build_plan9_generated_src_screens_settings_settings_data_ui.i:77392] result of operation not used
warning: /sys/src/inbe/build/plan9/generated/src/screens/settings/settings_data_ui.c:912[/tmp/inbe-plan9-build.119/build_plan9_generated_src_screens_settings_settings_data_ui.i:77392] result of operation not used
warning: /sys/src/inbe/build/plan9/generated/src/screens/settings/settings_data_ui.c:939[/tmp/inbe-plan9-build.119/build_plan9_generated_src_screens_settings_settings_data_ui.i:77419] result of operation not used
warning: /sys/src/inbe/build/plan9/generated/src/screens/settings/settings_data_ui.c:939[/tmp/inbe-plan9-build.119/build_plan9_generated_src_screens_settings_settings_data_ui.i:77419] result of operation not used
warning: /sys/src/inbe/build/plan9/generated/src/screens/settings/settings_data_ui.c:956[/tmp/inbe-plan9-build.119/build_plan9_generated_src_screens_settings_settings_data_ui.i:77436] result of operation not used
warning: /sys/src/inbe/build/plan9/generated/src/screens/settings/settings_data_ui.c:956[/tmp/inbe-plan9-build.119/build_plan9_generated_src_screens_settings_settings_data_ui.i:77436] result of operation not used
warning: /sys/src/inbe/build/plan9/generated/src/screens/settings/settings_data_ui.c:951[/tmp/inbe-plan9-build.119/build_plan9_generated_src_screens_settings_settings_data_ui.i:77431] set and not used: msg_x
warning: /sys/src/inbe/build/plan9/generated/src/screens/settings/settings_data_ui.c:952[/tmp/inbe-plan9-build.119/build_plan9_generated_src_screens_settings_settings_data_ui.i:77432] set and not used: msg_y
warning: /sys/src/inbe/build/plan9/generated/src/screens/settings/settings_data_ui.c:953[/tmp/inbe-plan9-build.119/build_plan9_generated_src_screens_settings_settings_data_ui.i:77433] set and not used: btn_y
warning: /sys/src/inbe/build/plan9/generated/src/screens/settings/settings_data_ui.c:954[/tmp/inbe-plan9-build.119/build_plan9_generated_src_screens_settings_settings_data_ui.i:77434] set and not used: btn_w
warning: /sys/src/inbe/build/plan9/generated/src/screens/settings/settings_data_ui.c:1004[/tmp/inbe-plan9-build.119/build_plan9_generated_src_screens_settings_settings_data_ui.i:77484] result of operation not used
warning: /sys/src/inbe/build/plan9/generated/src/screens/settings/settings_data_ui.c:1004[/tmp/inbe-plan9-build.119/build_plan9_generated_src_screens_settings_settings_data_ui.i:77484] result of operation not used
warning: /sys/src/inbe/build/plan9/generated/src/screens/settings/settings_data_ui.c:988[/tmp/inbe-plan9-build.119/build_plan9_generated_src_screens_settings_settings_data_ui.i:77468] set and not used: intro_h
warning: /sys/src/inbe/build/plan9/generated/src/screens/settings/settings_data_ui.c:989[/tmp/inbe-plan9-build.119/build_plan9_generated_src_screens_settings_settings_data_ui.i:77469] set and not used: modal_w
warning: /sys/src/inbe/build/plan9/generated/src/screens/settings/settings_data_ui.c:990[/tmp/inbe-plan9-build.119/build_plan9_generated_src_screens_settings_settings_data_ui.i:77470] set and not used: modal_h
warning: /sys/src/inbe/build/plan9/generated/src/screens/settings/settings_data_ui.c:993[/tmp/inbe-plan9-build.119/build_plan9_generated_src_screens_settings_settings_data_ui.i:77473] set and not used: btn_y
warning: /sys/src/inbe/build/plan9/generated/src/screens/settings/settings_data_ui.c:994[/tmp/inbe-plan9-build.119/build_plan9_generated_src_screens_settings_settings_data_ui.i:77474] set and not used: diff_y
warning: /sys/src/inbe/build/plan9/generated/src/screens/settings/settings_data_ui.c:995[/tmp/inbe-plan9-build.119/build_plan9_generated_src_screens_settings_settings_data_ui.i:77475] set and not used: diff_h
warning: /sys/src/inbe/build/plan9/generated/src/screens/settings/settings_data_ui.c:996[/tmp/inbe-plan9-build.119/build_plan9_generated_src_screens_settings_settings_data_ui.i:77476] set and not used: legend_y
warning: /sys/src/inbe/build/plan9/generated/src/screens/settings/settings_data_ui.c:998[/tmp/inbe-plan9-build.119/build_plan9_generated_src_screens_settings_settings_data_ui.i:77478] set and not used: diff_content_h
warning: /sys/src/inbe/build/plan9/generated/src/screens/settings/settings_data_ui.c:999[/tmp/inbe-plan9-build.119/build_plan9_generated_src_screens_settings_settings_data_ui.i:77479] set and not used: p
warning: /sys/src/inbe/build/plan9/generated/src/screens/settings/settings_data_ui.c:1001[/tmp/inbe-plan9-build.119/build_plan9_generated_src_screens_settings_settings_data_ui.i:77481] set and not used: diff_line
warning: /sys/src/inbe/build/plan9/generated/src/screens/settings/settings_data_ui.c:1002[/tmp/inbe-plan9-build.119/build_plan9_generated_src_screens_settings_settings_data_ui.i:77482] set and not used: line_y
cpp build/plan9/generated/src/screens/settings/settings_device.c
8c build/plan9/generated/src/screens/settings/settings_device.c
cpp build/plan9/generated/src/screens/settings/settings_notifications.c
8c build/plan9/generated/src/screens/settings/settings_notifications.c
warning: /sys/src/inbe/src/app/text_utils.h:23[/tmp/inbe-plan9-build.119/build_plan9_generated_src_screens_settings_settings_notifications.i:63301] set and not used: cut
warning: /sys/src/inbe/src/app/text_utils.h:58[/tmp/inbe-plan9-build.119/build_plan9_generated_src_screens_settings_settings_notifications.i:63336] set and not used: truncated
warning: /sys/src/inbe/build/plan9/generated/src/screens/settings/settings_notifications.c:81[/tmp/inbe-plan9-build.119/build_plan9_generated_src_screens_settings_settings_notifications.i:76602] auto declared and not used: hover
warning: /sys/src/inbe/build/plan9/generated/src/screens/settings/settings_notifications.c:81[/tmp/inbe-plan9-build.119/build_plan9_generated_src_screens_settings_settings_notifications.i:76602] set and not used: hover
warning: /sys/src/inbe/build/plan9/generated/src/screens/settings/settings_notifications.c:178[/tmp/inbe-plan9-build.119/build_plan9_generated_src_screens_settings_settings_notifications.i:76699] param declared and not used: app
warning: /sys/src/inbe/build/plan9/generated/src/screens/settings/settings_notifications.c:231[/tmp/inbe-plan9-build.119/build_plan9_generated_src_screens_settings_settings_notifications.i:76752] auto declared and not used: push_hover
warning: /sys/src/inbe/build/plan9/generated/src/screens/settings/settings_notifications.c:231[/tmp/inbe-plan9-build.119/build_plan9_generated_src_screens_settings_settings_notifications.i:76752] set and not used: push_hover
cpp build/plan9/generated/src/screens/settings/settings_screen.c
8c build/plan9/generated/src/screens/settings/settings_screen.c
warning: /sys/src/inbe/src/app/text_utils.h:23[/tmp/inbe-plan9-build.119/build_plan9_generated_src_screens_settings_settings_screen.i:61185] set and not used: cut
warning: /sys/src/inbe/src/app/text_utils.h:58[/tmp/inbe-plan9-build.119/build_plan9_generated_src_screens_settings_settings_screen.i:61220] set and not used: truncated
warning: /sys/src/inbe/build/plan9/generated/src/screens/settings/settings_screen.c:64[/tmp/inbe-plan9-build.119/build_plan9_generated_src_screens_settings_settings_screen.i:76521] set and not used: status_font
warning: /sys/src/inbe/build/plan9/generated/src/screens/settings/settings_screen.c:183[/tmp/inbe-plan9-build.119/build_plan9_generated_src_screens_settings_settings_screen.i:76640] set and not used: detail_header_h
warning: /sys/src/inbe/build/plan9/generated/src/screens/settings/settings_screen.c:184[/tmp/inbe-plan9-build.119/build_plan9_generated_src_screens_settings_settings_screen.i:76641] set and not used: tab_content_start_y
warning: /sys/src/inbe/build/plan9/generated/src/screens/settings/settings_screen.c:185[/tmp/inbe-plan9-build.119/build_plan9_generated_src_screens_settings_settings_screen.i:76642] set and not used: content_viewport_h
warning: /sys/src/inbe/build/plan9/generated/src/screens/settings/settings_screen.c:320[/tmp/inbe-plan9-build.119/build_plan9_generated_src_screens_settings_settings_screen.i:76777] result of operation not used
cpp build/plan9/generated/src/screens/settings/settings_sync_account_impl.c
8c build/plan9/generated/src/screens/settings/settings_sync_account_impl.c
warning: /sys/src/inbe/src/app/text_utils.h:23[/tmp/inbe-plan9-build.119/build_plan9_generated_src_screens_settings_settings_sync_account_impl.i:61190] set and not used: cut
warning: /sys/src/inbe/src/app/text_utils.h:58[/tmp/inbe-plan9-build.119/build_plan9_generated_src_screens_settings_settings_sync_account_impl.i:61225] set and not used: truncated
warning:  set and not used: link_h
warning:  set and not used: clicked
warning:  set and not used: field_h
warning:  set and not used: len
warning:  result of operation not used
warning:  result of operation not used
warning:  result of operation not used
warning:  result of operation not used
warning:  set and not used: len
warning:  set and not used: alias
warning:  set and not used: result
warning:  result of operation not used
warning:  set and not used: saved_url
warning:  set and not used: result
warning:  set and not used: result
warning:  set and not used: button_w
warning:  set and not used: alias
warning:  result of operation not used
warning:  result of operation not used
warning:  result of operation not used
warning:  result of operation not used
warning:  set and not used: font
warning:  set and not used: saved
warning:  set and not used: clicked
warning:  set and not used: modal_h
warning:  set and not used: button_y
warning:  set and not used: y
warning:  set and not used: at_w
warning:  set and not used: stored_alias
warning:  set and not used: has_alias
warning:  set and not used: unchanged_alias
warning:  result of operation not used
warning:  result of operation not used
cpp build/plan9/generated/src/screens/settings/settings_theme.c
8c build/plan9/generated/src/screens/settings/settings_theme.c
warning: /sys/src/inbe/build/plan9/generated/src/screens/settings/settings_theme.c:13[/tmp/inbe-plan9-build.119/build_plan9_generated_src_screens_settings_settings_theme.i:58494] result of operation not used
warning: /sys/src/inbe/build/plan9/generated/src/screens/settings/settings_theme.c:13[/tmp/inbe-plan9-build.119/build_plan9_generated_src_screens_settings_settings_theme.i:58494] result of operation not used
warning: /sys/src/inbe/build/plan9/generated/src/screens/settings/settings_theme.c:129[/tmp/inbe-plan9-build.119/build_plan9_generated_src_screens_settings_settings_theme.i:58610] set and not used: picker_h
warning: /sys/src/inbe/build/plan9/generated/src/screens/settings/settings_theme.c:130[/tmp/inbe-plan9-build.119/build_plan9_generated_src_screens_settings_settings_theme.i:58611] set and not used: draw_w
cpp build/plan9/generated/src/screens/settings/settings_types.c
8c build/plan9/generated/src/screens/settings/settings_types.c
cpp build/plan9/generated/src/screens/settings/settings_ui.c
8c build/plan9/generated/src/screens/settings/settings_ui.c
cpp build/plan9/generated/src/screens/statistics_screen.c
8c build/plan9/generated/src/screens/statistics_screen.c
warning: /sys/src/inbe/src/app/text_utils.h:23[/tmp/inbe-plan9-build.119/build_plan9_generated_src_screens_statistics_screen.i:61574] set and not used: cut
warning: /sys/src/inbe/src/app/text_utils.h:58[/tmp/inbe-plan9-build.119/build_plan9_generated_src_screens_statistics_screen.i:61609] set and not used: truncated
warning: /sys/src/inbe/build/plan9/generated/src/screens/statistics_screen.c:82[/tmp/inbe-plan9-build.119/build_plan9_generated_src_screens_statistics_screen.i:63611] set and not used: today_time
warning: /sys/src/inbe/build/plan9/generated/src/screens/statistics_screen.c:83[/tmp/inbe-plan9-build.119/build_plan9_generated_src_screens_statistics_screen.i:63612] set and not used: day_time
warning: /sys/src/inbe/build/plan9/generated/src/screens/statistics_screen.c:110[/tmp/inbe-plan9-build.119/build_plan9_generated_src_screens_statistics_screen.i:63639] set and not used: value_w
warning: /sys/src/inbe/build/plan9/generated/src/screens/statistics_screen.c:173[/tmp/inbe-plan9-build.119/build_plan9_generated_src_screens_statistics_screen.i:63702] set and not used: text_w
warning: /sys/src/inbe/build/plan9/generated/src/screens/statistics_screen.c:213[/tmp/inbe-plan9-build.119/build_plan9_generated_src_screens_statistics_screen.i:63742] result of operation not used
warning: /sys/src/inbe/build/plan9/generated/src/screens/statistics_screen.c:213[/tmp/inbe-plan9-build.119/build_plan9_generated_src_screens_statistics_screen.i:63742] result of operation not used
warning: /sys/src/inbe/build/plan9/generated/src/screens/statistics_screen.c:240[/tmp/inbe-plan9-build.119/build_plan9_generated_src_screens_statistics_screen.i:63769] set and not used: day_index
warning: /sys/src/inbe/build/plan9/generated/src/screens/statistics_screen.c:241[/tmp/inbe-plan9-build.119/build_plan9_generated_src_screens_statistics_screen.i:63770] set and not used: day_offset
warning: /sys/src/inbe/build/plan9/generated/src/screens/statistics_screen.c:343[/tmp/inbe-plan9-build.119/build_plan9_generated_src_screens_statistics_screen.i:63872] set and not used: avg_seconds
warning: /sys/src/inbe/build/plan9/generated/src/screens/statistics_screen.c:344[/tmp/inbe-plan9-build.119/build_plan9_generated_src_screens_statistics_screen.i:63873] set and not used: avg_y
warning: /sys/src/inbe/build/plan9/generated/src/screens/statistics_screen.c:386[/tmp/inbe-plan9-build.119/build_plan9_generated_src_screens_statistics_screen.i:63915] set and not used: day_x
warning: /sys/src/inbe/build/plan9/generated/src/screens/statistics_screen.c:424[/tmp/inbe-plan9-build.119/build_plan9_generated_src_screens_statistics_screen.i:63953] set and not used: metric_w
warning: /sys/src/inbe/build/plan9/generated/src/screens/statistics_screen.c:444[/tmp/inbe-plan9-build.119/build_plan9_generated_src_screens_statistics_screen.i:63973] set and not used: day_index
warning: /sys/src/inbe/build/plan9/generated/src/screens/statistics_screen.c:445[/tmp/inbe-plan9-build.119/build_plan9_generated_src_screens_statistics_screen.i:63974] set and not used: count
warning: /sys/src/inbe/build/plan9/generated/src/screens/statistics_screen.c:571[/tmp/inbe-plan9-build.119/build_plan9_generated_src_screens_statistics_screen.i:64100] set and not used: active
cpp build/plan9/generated/src/storage/break_stats.c
8c build/plan9/generated/src/storage/break_stats.c
warning: /sys/src/inbe/build/plan9/generated/src/storage/break_stats.c:27[/tmp/inbe-plan9-build.119/build_plan9_generated_src_storage_break_stats.i:61167] set and not used: date
warning: /sys/src/inbe/build/plan9/generated/src/storage/break_stats.c:97[/tmp/inbe-plan9-build.119/build_plan9_generated_src_storage_break_stats.i:61237] set and not used: today
warning: /sys/src/inbe/build/plan9/generated/src/storage/break_stats.c:98[/tmp/inbe-plan9-build.119/build_plan9_generated_src_storage_break_stats.i:61238] set and not used: cutoff
warning: /sys/src/inbe/build/plan9/generated/src/storage/break_stats.c:99[/tmp/inbe-plan9-build.119/build_plan9_generated_src_storage_break_stats.i:61239] set and not used: count
cpp build/plan9/generated/src/storage/data.c
8c build/plan9/generated/src/storage/data.c
warning: /sys/src/inbe/build/plan9/generated/src/storage/data.c:26[/tmp/inbe-plan9-build.119/build_plan9_generated_src_storage_data.i:55400] set and not used: p
warning: /sys/src/inbe/build/plan9/generated/src/storage/data.c:194[/tmp/inbe-plan9-build.119/build_plan9_generated_src_storage_data.i:55568] result of operation not used
warning: /sys/src/inbe/build/plan9/generated/src/storage/data.c:194[/tmp/inbe-plan9-build.119/build_plan9_generated_src_storage_data.i:55568] result of operation not used
warning: /sys/src/inbe/build/plan9/generated/src/storage/data.c:183[/tmp/inbe-plan9-build.119/build_plan9_generated_src_storage_data.i:55557] set and not used: name
warning: /sys/src/inbe/build/plan9/generated/src/storage/data.c:255[/tmp/inbe-plan9-build.119/build_plan9_generated_src_storage_data.i:55629] set and not used: now
warning: /sys/src/inbe/build/plan9/generated/src/storage/data.c:294[/tmp/inbe-plan9-build.119/build_plan9_generated_src_storage_data.i:55668] set and not used: fp
warning: /sys/src/inbe/build/plan9/generated/src/storage/data.c:357[/tmp/inbe-plan9-build.119/build_plan9_generated_src_storage_data.i:55731] result of operation not used
warning: /sys/src/inbe/build/plan9/generated/src/storage/data.c:357[/tmp/inbe-plan9-build.119/build_plan9_generated_src_storage_data.i:55731] result of operation not used
warning: /sys/src/inbe/build/plan9/generated/src/storage/data.c:358[/tmp/inbe-plan9-build.119/build_plan9_generated_src_storage_data.i:55732] result of operation not used
warning: /sys/src/inbe/build/plan9/generated/src/storage/data.c:358[/tmp/inbe-plan9-build.119/build_plan9_generated_src_storage_data.i:55732] result of operation not used
warning: /sys/src/inbe/build/plan9/generated/src/storage/data.c:359[/tmp/inbe-plan9-build.119/build_plan9_generated_src_storage_data.i:55733] result of operation not used
warning: /sys/src/inbe/build/plan9/generated/src/storage/data.c:359[/tmp/inbe-plan9-build.119/build_plan9_generated_src_storage_data.i:55733] result of operation not used
cpp build/plan9/generated/src/storage/db.c
8c build/plan9/generated/src/storage/db.c
warning: /sys/src/inbe/build/plan9/generated/src/storage/db.c:22[/tmp/inbe-plan9-build.119/build_plan9_generated_src_storage_db.i:63496] set and not used: root_len
warning: /sys/src/inbe/build/plan9/generated/src/storage/db.c:23[/tmp/inbe-plan9-build.119/build_plan9_generated_src_storage_db.i:63497] set and not used: name_len
warning: /sys/src/inbe/build/plan9/generated/src/storage/db.c:70[/tmp/inbe-plan9-build.119/build_plan9_generated_src_storage_db.i:63544] set and not used: p
warning: /sys/src/inbe/build/plan9/generated/src/storage/db.c:166[/tmp/inbe-plan9-build.119/build_plan9_generated_src_storage_db.i:63640] set and not used: found
warning: /sys/src/inbe/build/plan9/generated/src/storage/db.c:225[/tmp/inbe-plan9-build.119/build_plan9_generated_src_storage_db.i:63699] set and not used: ok
warning: /sys/src/inbe/build/plan9/generated/src/storage/db.c:282[/tmp/inbe-plan9-build.119/build_plan9_generated_src_storage_db.i:63756] set and not used: rc
skip build/plan9/generated/src/storage/import.c
cpp build/plan9/generated/src/storage/storage_sessions.c
8c build/plan9/generated/src/storage/storage_sessions.c
warning: /sys/src/inbe/build/plan9/generated/src/storage/storage_sessions.c:124[/tmp/inbe-plan9-build.119/build_plan9_generated_src_storage_storage_sessions.i:67036] set and not used: rc
warning: /sys/src/inbe/build/plan9/generated/src/storage/storage_sessions.c:125[/tmp/inbe-plan9-build.119/build_plan9_generated_src_storage_storage_sessions.i:67037] set and not used: inserted
warning: /sys/src/inbe/build/plan9/generated/src/storage/storage_sessions.c:126[/tmp/inbe-plan9-build.119/build_plan9_generated_src_storage_storage_sessions.i:67038] set and not used: rhash
warning: /sys/src/inbe/build/plan9/generated/src/storage/storage_sessions.c:205[/tmp/inbe-plan9-build.119/build_plan9_generated_src_storage_storage_sessions.i:67117] set and not used: saved_count
warning: /sys/src/inbe/build/plan9/generated/src/storage/storage_sessions.c:206[/tmp/inbe-plan9-build.119/build_plan9_generated_src_storage_storage_sessions.i:67118] set and not used: local_date
warning: /sys/src/inbe/build/plan9/generated/src/storage/storage_sessions.c:222[/tmp/inbe-plan9-build.119/build_plan9_generated_src_storage_storage_sessions.i:67134] set and not used: started_at
warning: /sys/src/inbe/build/plan9/generated/src/storage/storage_sessions.c:224[/tmp/inbe-plan9-build.119/build_plan9_generated_src_storage_storage_sessions.i:67136] set and not used: saved_count
warning: /sys/src/inbe/build/plan9/generated/src/storage/storage_sessions.c:327[/tmp/inbe-plan9-build.119/build_plan9_generated_src_storage_storage_sessions.i:67239] set and not used: saved_count
warning: /sys/src/inbe/build/plan9/generated/src/storage/storage_sessions.c:394[/tmp/inbe-plan9-build.119/build_plan9_generated_src_storage_storage_sessions.i:67306] set and not used: tm
warning: /sys/src/inbe/build/plan9/generated/src/storage/storage_sessions.c:543[/tmp/inbe-plan9-build.119/build_plan9_generated_src_storage_storage_sessions.i:67455] set and not used: count
warning: /sys/src/inbe/build/plan9/generated/src/storage/storage_sessions.c:618[/tmp/inbe-plan9-build.119/build_plan9_generated_src_storage_storage_sessions.i:67530] set and not used: habit_day_count
cpp build/plan9/generated/src/storage/sync_account.c
8c build/plan9/generated/src/storage/sync_account.c
warning: /sys/src/inbe/build/plan9/generated/src/storage/sync_account.c:111[/tmp/inbe-plan9-build.119/build_plan9_generated_src_storage_sync_account.i:55487] set and not used: public_id
warning: /sys/src/inbe/build/plan9/generated/src/storage/sync_account.c:112[/tmp/inbe-plan9-build.119/build_plan9_generated_src_storage_sync_account.i:55488] set and not used: public_key
warning: /sys/src/inbe/build/plan9/generated/src/storage/sync_account.c:113[/tmp/inbe-plan9-build.119/build_plan9_generated_src_storage_sync_account.i:55489] set and not used: private_key
warning: /sys/src/inbe/build/plan9/generated/src/storage/sync_account.c:183[/tmp/inbe-plan9-build.119/build_plan9_generated_src_storage_sync_account.i:55559] set and not used: owner
warning: /sys/src/inbe/build/plan9/generated/src/storage/sync_account.c:224[/tmp/inbe-plan9-build.119/build_plan9_generated_src_storage_sync_account.i:55600] set and not used: len
cpp build/plan9/generated/src/storage/sync_review.c
8c build/plan9/generated/src/storage/sync_review.c
warning: /sys/src/inbe/build/plan9/generated/src/storage/sync_review.c:73[/tmp/inbe-plan9-build.119/build_plan9_generated_src_storage_sync_review.i:66678] set and not used: next
warning: /sys/src/inbe/build/plan9/generated/src/storage/sync_review.c:74[/tmp/inbe-plan9-build.119/build_plan9_generated_src_storage_sync_review.i:66679] set and not used: next_cap
warning: /sys/src/inbe/build/plan9/generated/src/storage/sync_review.c:98[/tmp/inbe-plan9-build.119/build_plan9_generated_src_storage_sync_review.i:66703] set and not used: len
warning: /sys/src/inbe/build/plan9/generated/src/storage/sync_review.c:212[/tmp/inbe-plan9-build.119/build_plan9_generated_src_storage_sync_review.i:66817] set and not used: file
warning: /sys/src/inbe/build/plan9/generated/src/storage/sync_review.c:213[/tmp/inbe-plan9-build.119/build_plan9_generated_src_storage_sync_review.i:66818] set and not used: len
warning: /sys/src/inbe/build/plan9/generated/src/storage/sync_review.c:241[/tmp/inbe-plan9-build.119/build_plan9_generated_src_storage_sync_review.i:66846] set and not used: file
warning: /sys/src/inbe/build/plan9/generated/src/storage/sync_review.c:242[/tmp/inbe-plan9-build.119/build_plan9_generated_src_storage_sync_review.i:66847] set and not used: size
warning: /sys/src/inbe/build/plan9/generated/src/storage/sync_review.c:243[/tmp/inbe-plan9-build.119/build_plan9_generated_src_storage_sync_review.i:66848] set and not used: data
warning: /sys/src/inbe/build/plan9/generated/src/storage/sync_review.c:694[/tmp/inbe-plan9-build.119/build_plan9_generated_src_storage_sync_review.i:67299] set and not used: end
warning: /sys/src/inbe/build/plan9/generated/src/storage/sync_review.c:695[/tmp/inbe-plan9-build.119/build_plan9_generated_src_storage_sync_review.i:67300] set and not used: len
warning: /sys/src/inbe/build/plan9/generated/src/storage/sync_review.c:717[/tmp/inbe-plan9-build.119/build_plan9_generated_src_storage_sync_review.i:67322] set and not used: end
warning: /sys/src/inbe/build/plan9/generated/src/storage/sync_review.c:718[/tmp/inbe-plan9-build.119/build_plan9_generated_src_storage_sync_review.i:67323] set and not used: len
warning: /sys/src/inbe/build/plan9/generated/src/storage/sync_review.c:866[/tmp/inbe-plan9-build.119/build_plan9_generated_src_storage_sync_review.i:67471] set and not used: has_diff
warning: /sys/src/inbe/build/plan9/generated/src/storage/sync_review.c:884[/tmp/inbe-plan9-build.119/build_plan9_generated_src_storage_sync_review.i:67489] set and not used: result
warning: /sys/src/inbe/build/plan9/generated/src/storage/sync_review.c:952[/tmp/inbe-plan9-build.119/build_plan9_generated_src_storage_sync_review.i:67557] set and not used: count
warning: /sys/src/inbe/build/plan9/generated/src/storage/sync_review.c:972[/tmp/inbe-plan9-build.119/build_plan9_generated_src_storage_sync_review.i:67577] set and not used: literal_len
warning: /sys/src/inbe/build/plan9/generated/src/storage/sync_review.c:984[/tmp/inbe-plan9-build.119/build_plan9_generated_src_storage_sync_review.i:67589] set and not used: diff_line
warning: /sys/src/inbe/build/plan9/generated/src/storage/sync_review.c:985[/tmp/inbe-plan9-build.119/build_plan9_generated_src_storage_sync_review.i:67590] set and not used: end
warning: /sys/src/inbe/build/plan9/generated/src/storage/sync_review.c:986[/tmp/inbe-plan9-build.119/build_plan9_generated_src_storage_sync_review.i:67591] set and not used: len
warning: /sys/src/inbe/build/plan9/generated/src/storage/sync_review.c:1016[/tmp/inbe-plan9-build.119/build_plan9_generated_src_storage_sync_review.i:67621] set and not used: copy
warning: /sys/src/inbe/build/plan9/generated/src/storage/sync_review.c:1017[/tmp/inbe-plan9-build.119/build_plan9_generated_src_storage_sync_review.i:67622] set and not used: ok
cpp build/plan9/generated/src/widgets/bottom_nav.c
8c build/plan9/generated/src/widgets/bottom_nav.c
warning: /sys/src/inbe/build/plan9/generated/src/widgets/bottom_nav.c:153[/tmp/inbe-plan9-build.119/build_plan9_generated_src_widgets_bottom_nav.i:57142] set and not used: route_count
cpp src/platform/plan9/inbe_plan9_main.c
8c src/platform/plan9/inbe_plan9_main.c
cpp src/platform/plan9/inbe_plan9_assets.c
8c src/platform/plan9/inbe_plan9_assets.c
cpp src/platform/plan9/sqlite3_stub.c
8c src/platform/plan9/sqlite3_stub.c
warning: /sys/src/inbe/src/platform/plan9/sqlite3_stub.c:14[/tmp/inbe-plan9-build.119/src_platform_plan9_sqlite3_stub.i:3893] result of operation not used
warning: /sys/src/inbe/src/platform/plan9/sqlite3_stub.c:14[/tmp/inbe-plan9-build.119/src_platform_plan9_sqlite3_stub.i:3893] result of operation not used
warning: /sys/src/inbe/src/platform/plan9/sqlite3_stub.c:36[/tmp/inbe-plan9-build.119/src_platform_plan9_sqlite3_stub.i:3915] result of operation not used
warning: /sys/src/inbe/src/platform/plan9/sqlite3_stub.c:36[/tmp/inbe-plan9-build.119/src_platform_plan9_sqlite3_stub.i:3915] result of operation not used
warning: /sys/src/inbe/src/platform/plan9/sqlite3_stub.c:37[/tmp/inbe-plan9-build.119/src_platform_plan9_sqlite3_stub.i:3916] result of operation not used
warning: /sys/src/inbe/src/platform/plan9/sqlite3_stub.c:37[/tmp/inbe-plan9-build.119/src_platform_plan9_sqlite3_stub.i:3916] result of operation not used
warning: /sys/src/inbe/src/platform/plan9/sqlite3_stub.c:46[/tmp/inbe-plan9-build.119/src_platform_plan9_sqlite3_stub.i:3925] result of operation not used
warning: /sys/src/inbe/src/platform/plan9/sqlite3_stub.c:46[/tmp/inbe-plan9-build.119/src_platform_plan9_sqlite3_stub.i:3925] result of operation not used
warning: /sys/src/inbe/src/platform/plan9/sqlite3_stub.c:47[/tmp/inbe-plan9-build.119/src_platform_plan9_sqlite3_stub.i:3926] result of operation not used
warning: /sys/src/inbe/src/platform/plan9/sqlite3_stub.c:47[/tmp/inbe-plan9-build.119/src_platform_plan9_sqlite3_stub.i:3926] result of operation not used
warning: /sys/src/inbe/src/platform/plan9/sqlite3_stub.c:48[/tmp/inbe-plan9-build.119/src_platform_plan9_sqlite3_stub.i:3927] result of operation not used
warning: /sys/src/inbe/src/platform/plan9/sqlite3_stub.c:48[/tmp/inbe-plan9-build.119/src_platform_plan9_sqlite3_stub.i:3927] result of operation not used
warning: /sys/src/inbe/src/platform/plan9/sqlite3_stub.c:49[/tmp/inbe-plan9-build.119/src_platform_plan9_sqlite3_stub.i:3928] result of operation not used
warning: /sys/src/inbe/src/platform/plan9/sqlite3_stub.c:49[/tmp/inbe-plan9-build.119/src_platform_plan9_sqlite3_stub.i:3928] result of operation not used
warning: /sys/src/inbe/src/platform/plan9/sqlite3_stub.c:61[/tmp/inbe-plan9-build.119/src_platform_plan9_sqlite3_stub.i:3940] result of operation not used
warning: /sys/src/inbe/src/platform/plan9/sqlite3_stub.c:61[/tmp/inbe-plan9-build.119/src_platform_plan9_sqlite3_stub.i:3940] result of operation not used
warning: /sys/src/inbe/src/platform/plan9/sqlite3_stub.c:85[/tmp/inbe-plan9-build.119/src_platform_plan9_sqlite3_stub.i:3964] result of operation not used
warning: /sys/src/inbe/src/platform/plan9/sqlite3_stub.c:85[/tmp/inbe-plan9-build.119/src_platform_plan9_sqlite3_stub.i:3964] result of operation not used
warning: /sys/src/inbe/src/platform/plan9/sqlite3_stub.c:92[/tmp/inbe-plan9-build.119/src_platform_plan9_sqlite3_stub.i:3971] result of operation not used
warning: /sys/src/inbe/src/platform/plan9/sqlite3_stub.c:92[/tmp/inbe-plan9-build.119/src_platform_plan9_sqlite3_stub.i:3971] result of operation not used
warning: /sys/src/inbe/src/platform/plan9/sqlite3_stub.c:99[/tmp/inbe-plan9-build.119/src_platform_plan9_sqlite3_stub.i:3978] result of operation not used
warning: /sys/src/inbe/src/platform/plan9/sqlite3_stub.c:99[/tmp/inbe-plan9-build.119/src_platform_plan9_sqlite3_stub.i:3978] result of operation not used
warning: /sys/src/inbe/src/platform/plan9/sqlite3_stub.c:106[/tmp/inbe-plan9-build.119/src_platform_plan9_sqlite3_stub.i:3985] result of operation not used
warning: /sys/src/inbe/src/platform/plan9/sqlite3_stub.c:106[/tmp/inbe-plan9-build.119/src_platform_plan9_sqlite3_stub.i:3985] result of operation not used
warning: /sys/src/inbe/src/platform/plan9/sqlite3_stub.c:113[/tmp/inbe-plan9-build.119/src_platform_plan9_sqlite3_stub.i:3992] result of operation not used
warning: /sys/src/inbe/src/platform/plan9/sqlite3_stub.c:113[/tmp/inbe-plan9-build.119/src_platform_plan9_sqlite3_stub.i:3992] result of operation not used
warning: /sys/src/inbe/src/platform/plan9/sqlite3_stub.c:114[/tmp/inbe-plan9-build.119/src_platform_plan9_sqlite3_stub.i:3993] result of operation not used
warning: /sys/src/inbe/src/platform/plan9/sqlite3_stub.c:114[/tmp/inbe-plan9-build.119/src_platform_plan9_sqlite3_stub.i:3993] result of operation not used
warning: /sys/src/inbe/src/platform/plan9/sqlite3_stub.c:115[/tmp/inbe-plan9-build.119/src_platform_plan9_sqlite3_stub.i:3994] result of operation not used
warning: /sys/src/inbe/src/platform/plan9/sqlite3_stub.c:115[/tmp/inbe-plan9-build.119/src_platform_plan9_sqlite3_stub.i:3994] result of operation not used
warning: /sys/src/inbe/src/platform/plan9/sqlite3_stub.c:122[/tmp/inbe-plan9-build.119/src_platform_plan9_sqlite3_stub.i:4001] result of operation not used
warning: /sys/src/inbe/src/platform/plan9/sqlite3_stub.c:122[/tmp/inbe-plan9-build.119/src_platform_plan9_sqlite3_stub.i:4001] result of operation not used
warning: /sys/src/inbe/src/platform/plan9/sqlite3_stub.c:123[/tmp/inbe-plan9-build.119/src_platform_plan9_sqlite3_stub.i:4002] result of operation not used
warning: /sys/src/inbe/src/platform/plan9/sqlite3_stub.c:123[/tmp/inbe-plan9-build.119/src_platform_plan9_sqlite3_stub.i:4002] result of operation not used
warning: /sys/src/inbe/src/platform/plan9/sqlite3_stub.c:124[/tmp/inbe-plan9-build.119/src_platform_plan9_sqlite3_stub.i:4003] result of operation not used
warning: /sys/src/inbe/src/platform/plan9/sqlite3_stub.c:132[/tmp/inbe-plan9-build.119/src_platform_plan9_sqlite3_stub.i:4011] result of operation not used
warning: /sys/src/inbe/src/platform/plan9/sqlite3_stub.c:132[/tmp/inbe-plan9-build.119/src_platform_plan9_sqlite3_stub.i:4011] result of operation not used
warning: /sys/src/inbe/src/platform/plan9/sqlite3_stub.c:133[/tmp/inbe-plan9-build.119/src_platform_plan9_sqlite3_stub.i:4012] result of operation not used
warning: /sys/src/inbe/src/platform/plan9/sqlite3_stub.c:133[/tmp/inbe-plan9-build.119/src_platform_plan9_sqlite3_stub.i:4012] result of operation not used
warning: /sys/src/inbe/src/platform/plan9/sqlite3_stub.c:134[/tmp/inbe-plan9-build.119/src_platform_plan9_sqlite3_stub.i:4013] result of operation not used
warning: /sys/src/inbe/src/platform/plan9/sqlite3_stub.c:134[/tmp/inbe-plan9-build.119/src_platform_plan9_sqlite3_stub.i:4013] result of operation not used
warning: /sys/src/inbe/src/platform/plan9/sqlite3_stub.c:135[/tmp/inbe-plan9-build.119/src_platform_plan9_sqlite3_stub.i:4014] result of operation not used
warning: /sys/src/inbe/src/platform/plan9/sqlite3_stub.c:135[/tmp/inbe-plan9-build.119/src_platform_plan9_sqlite3_stub.i:4014] result of operation not used
warning: /sys/src/inbe/src/platform/plan9/sqlite3_stub.c:136[/tmp/inbe-plan9-build.119/src_platform_plan9_sqlite3_stub.i:4015] result of operation not used
warning: /sys/src/inbe/src/platform/plan9/sqlite3_stub.c:136[/tmp/inbe-plan9-build.119/src_platform_plan9_sqlite3_stub.i:4015] result of operation not used
warning: /sys/src/inbe/src/platform/plan9/sqlite3_stub.c:143[/tmp/inbe-plan9-build.119/src_platform_plan9_sqlite3_stub.i:4022] result of operation not used
warning: /sys/src/inbe/src/platform/plan9/sqlite3_stub.c:143[/tmp/inbe-plan9-build.119/src_platform_plan9_sqlite3_stub.i:4022] result of operation not used
warning: /sys/src/inbe/src/platform/plan9/sqlite3_stub.c:144[/tmp/inbe-plan9-build.119/src_platform_plan9_sqlite3_stub.i:4023] result of operation not used
warning: /sys/src/inbe/src/platform/plan9/sqlite3_stub.c:144[/tmp/inbe-plan9-build.119/src_platform_plan9_sqlite3_stub.i:4023] result of operation not used
warning: /sys/src/inbe/src/platform/plan9/sqlite3_stub.c:151[/tmp/inbe-plan9-build.119/src_platform_plan9_sqlite3_stub.i:4030] result of operation not used
warning: /sys/src/inbe/src/platform/plan9/sqlite3_stub.c:151[/tmp/inbe-plan9-build.119/src_platform_plan9_sqlite3_stub.i:4030] result of operation not used
warning: /sys/src/inbe/src/platform/plan9/sqlite3_stub.c:152[/tmp/inbe-plan9-build.119/src_platform_plan9_sqlite3_stub.i:4031] result of operation not used
warning: /sys/src/inbe/src/platform/plan9/sqlite3_stub.c:152[/tmp/inbe-plan9-build.119/src_platform_plan9_sqlite3_stub.i:4031] result of operation not used
warning: /sys/src/inbe/src/platform/plan9/sqlite3_stub.c:159[/tmp/inbe-plan9-build.119/src_platform_plan9_sqlite3_stub.i:4038] result of operation not used
warning: /sys/src/inbe/src/platform/plan9/sqlite3_stub.c:159[/tmp/inbe-plan9-build.119/src_platform_plan9_sqlite3_stub.i:4038] result of operation not used
warning: /sys/src/inbe/src/platform/plan9/sqlite3_stub.c:160[/tmp/inbe-plan9-build.119/src_platform_plan9_sqlite3_stub.i:4039] result of operation not used
warning: /sys/src/inbe/src/platform/plan9/sqlite3_stub.c:160[/tmp/inbe-plan9-build.119/src_platform_plan9_sqlite3_stub.i:4039] result of operation not used
warning: /sys/src/inbe/src/platform/plan9/sqlite3_stub.c:167[/tmp/inbe-plan9-build.119/src_platform_plan9_sqlite3_stub.i:4046] result of operation not used
warning: /sys/src/inbe/src/platform/plan9/sqlite3_stub.c:167[/tmp/inbe-plan9-build.119/src_platform_plan9_sqlite3_stub.i:4046] result of operation not used
warning: /sys/src/inbe/src/platform/plan9/sqlite3_stub.c:168[/tmp/inbe-plan9-build.119/src_platform_plan9_sqlite3_stub.i:4047] result of operation not used
warning: /sys/src/inbe/src/platform/plan9/sqlite3_stub.c:168[/tmp/inbe-plan9-build.119/src_platform_plan9_sqlite3_stub.i:4047] result of operation not used
warning: /sys/src/inbe/src/platform/plan9/sqlite3_stub.c:175[/tmp/inbe-plan9-build.119/src_platform_plan9_sqlite3_stub.i:4054] result of operation not used
warning: /sys/src/inbe/src/platform/plan9/sqlite3_stub.c:175[/tmp/inbe-plan9-build.119/src_platform_plan9_sqlite3_stub.i:4054] result of operation not used
warning: /sys/src/inbe/src/platform/plan9/sqlite3_stub.c:182[/tmp/inbe-plan9-build.119/src_platform_plan9_sqlite3_stub.i:4061] result of operation not used
warning: /sys/src/inbe/src/platform/plan9/sqlite3_stub.c:182[/tmp/inbe-plan9-build.119/src_platform_plan9_sqlite3_stub.i:4061] result of operation not used
warning: /sys/src/inbe/src/platform/plan9/sqlite3_stub.c:189[/tmp/inbe-plan9-build.119/src_platform_plan9_sqlite3_stub.i:4068] result of operation not used
warning: /sys/src/inbe/src/platform/plan9/sqlite3_stub.c:189[/tmp/inbe-plan9-build.119/src_platform_plan9_sqlite3_stub.i:4068] result of operation not used
warning: /sys/src/inbe/src/platform/plan9/sqlite3_stub.c:196[/tmp/inbe-plan9-build.119/src_platform_plan9_sqlite3_stub.i:4075] result of operation not used
warning: /sys/src/inbe/src/platform/plan9/sqlite3_stub.c:196[/tmp/inbe-plan9-build.119/src_platform_plan9_sqlite3_stub.i:4075] result of operation not used
cpp src/platform/plan9/storage_import_stub.c
qemu-system-x86_64: terminating on signal 15 from pid 911108 ()
